"module name","licenses","repository","licenseUrl","parents"
"@fortawesome/fontawesome-free@5.12.1","(CC-BY-4.0 AND OFL-1.1 AND MIT)","https://github.com/FortAwesome/Font-Awesome","https://github.com/FortAwesome/Font-Awesome/raw/master/LICENSE.txt","acap-sdk"
"@types/events@3.0.0","MIT","https://github.com/DefinitelyTyped/DefinitelyTyped","https://github.com/DefinitelyTyped/DefinitelyTyped/raw/master/LICENSE","acap-sdk"
"@types/glob@7.1.1","MIT","https://github.com/DefinitelyTyped/DefinitelyTyped","https://github.com/DefinitelyTyped/DefinitelyTyped/raw/master/LICENSE","acap-sdk"
"@types/minimatch@3.0.3","MIT","https://github.com/DefinitelyTyped/DefinitelyTyped","https://github.com/DefinitelyTyped/DefinitelyTyped/raw/master/LICENSE","acap-sdk"
"@types/node@13.9.3","MIT","https://github.com/DefinitelyTyped/DefinitelyTyped","https://github.com/DefinitelyTyped/DefinitelyTyped/raw/master/LICENSE","acap-sdk"
"@webassemblyjs/ast@1.8.5","MIT","https://github.com/xtuc/webassemblyjs","https://github.com/xtuc/webassemblyjs/raw/master/LICENSE","acap-sdk"
"@webassemblyjs/floating-point-hex-parser@1.8.5","MIT","https://github.com/xtuc/webassemblyjs","https://github.com/xtuc/webassemblyjs/raw/master/LICENSE","acap-sdk"
"@webassemblyjs/helper-api-error@1.8.5","MIT","","","acap-sdk"
"@webassemblyjs/helper-buffer@1.8.5","MIT","https://github.com/xtuc/webassemblyjs","https://github.com/xtuc/webassemblyjs/raw/master/LICENSE","acap-sdk"
"@webassemblyjs/helper-code-frame@1.8.5","MIT","https://github.com/xtuc/webassemblyjs","https://github.com/xtuc/webassemblyjs/raw/master/LICENSE","acap-sdk"
"@webassemblyjs/helper-fsm@1.8.5","ISC","","","acap-sdk"
"@webassemblyjs/helper-module-context@1.8.5","MIT","https://github.com/xtuc/webassemblyjs","https://github.com/xtuc/webassemblyjs/raw/master/LICENSE","acap-sdk"
"@webassemblyjs/helper-wasm-bytecode@1.8.5","MIT","https://github.com/xtuc/webassemblyjs","https://github.com/xtuc/webassemblyjs/raw/master/LICENSE","acap-sdk"
"@webassemblyjs/helper-wasm-section@1.8.5","MIT","https://github.com/xtuc/webassemblyjs","https://github.com/xtuc/webassemblyjs/raw/master/LICENSE","acap-sdk"
"@webassemblyjs/ieee754@1.8.5","MIT","","","acap-sdk"
"@webassemblyjs/leb128@1.8.5","MIT","","","acap-sdk"
"@webassemblyjs/utf8@1.8.5","MIT","https://github.com/xtuc/webassemblyjs","https://github.com/xtuc/webassemblyjs/raw/master/LICENSE","acap-sdk"
"@webassemblyjs/wasm-edit@1.8.5","MIT","https://github.com/xtuc/webassemblyjs","https://github.com/xtuc/webassemblyjs/raw/master/LICENSE","acap-sdk"
"@webassemblyjs/wasm-gen@1.8.5","MIT","https://github.com/xtuc/webassemblyjs","https://github.com/xtuc/webassemblyjs/raw/master/LICENSE","acap-sdk"
"@webassemblyjs/wasm-opt@1.8.5","MIT","https://github.com/xtuc/webassemblyjs","https://github.com/xtuc/webassemblyjs/raw/master/LICENSE","acap-sdk"
"@webassemblyjs/wasm-parser@1.8.5","MIT","https://github.com/xtuc/webassemblyjs","https://github.com/xtuc/webassemblyjs/raw/master/LICENSE","acap-sdk"
"@webassemblyjs/wast-parser@1.8.5","MIT","https://github.com/xtuc/webassemblyjs","https://github.com/xtuc/webassemblyjs/raw/master/LICENSE","acap-sdk"
"@webassemblyjs/wast-printer@1.8.5","MIT","https://github.com/xtuc/webassemblyjs","https://github.com/xtuc/webassemblyjs/raw/master/LICENSE","acap-sdk"
"@xtuc/ieee754@1.2.0","BSD-3-Clause","https://github.com/feross/ieee754","https://github.com/feross/ieee754/raw/master/LICENSE","acap-sdk"
"@xtuc/long@4.2.2","Apache-2.0","https://github.com/dcodeIO/long.js","https://github.com/dcodeIO/long.js/raw/master/LICENSE","acap-sdk"
"abbrev@1.1.1","ISC","https://github.com/isaacs/abbrev-js","https://github.com/isaacs/abbrev-js/raw/master/LICENSE","fsevents:watchpack:acap-sdk"
"accepts@1.3.7","MIT","https://github.com/jshttp/accepts","https://github.com/jshttp/accepts/raw/master/LICENSE","acap-sdk"
"acorn@6.4.1","MIT","https://github.com/acornjs/acorn","https://github.com/acornjs/acorn/raw/master/LICENSE","acap-sdk"
"ajv-errors@1.0.1","MIT","https://github.com/epoberezkin/ajv-errors","https://github.com/epoberezkin/ajv-errors/raw/master/LICENSE","acap-sdk"
"ajv-keywords@3.4.1","MIT","https://github.com/epoberezkin/ajv-keywords","https://github.com/epoberezkin/ajv-keywords/raw/master/LICENSE","acap-sdk"
"ajv@6.10.2","MIT","https://github.com/epoberezkin/ajv","https://github.com/epoberezkin/ajv/raw/master/LICENSE","acap-sdk"
"ansi-colors@3.2.4","MIT","https://github.com/doowb/ansi-colors","https://github.com/doowb/ansi-colors/raw/master/LICENSE","acap-sdk"
"ansi-html@0.0.7","Apache-2.0","https://github.com/Tjatse/ansi-html","https://github.com/Tjatse/ansi-html/raw/master/LICENSE","acap-sdk"
"ansi-regex@2.1.1","MIT","https://github.com/chalk/ansi-regex","https://github.com/chalk/ansi-regex/raw/master/license","fsevents:watchpack:acap-sdk"
"ansi-regex@3.0.0","MIT","https://github.com/chalk/ansi-regex","https://github.com/chalk/ansi-regex/raw/master/license","string-width:webpack-dev-server:acap-sdk"
"ansi-regex@4.1.0","MIT","https://github.com/chalk/ansi-regex","https://github.com/chalk/ansi-regex/raw/master/license","acap-sdk"
"ansi-styles@3.2.1","MIT","https://github.com/chalk/ansi-styles","https://github.com/chalk/ansi-styles/raw/master/license","acap-sdk"
"anymatch@2.0.0","ISC","https://github.com/micromatch/anymatch","https://github.com/micromatch/anymatch/raw/master/LICENSE","watchpack:acap-sdk"
"anymatch@3.1.1","ISC","https://github.com/micromatch/anymatch","https://github.com/micromatch/anymatch/raw/master/LICENSE","acap-sdk"
"aproba@1.2.0","ISC","https://github.com/iarna/aproba","https://github.com/iarna/aproba/raw/master/LICENSE","acap-sdk"
"are-we-there-yet@1.1.5","ISC","https://github.com/iarna/are-we-there-yet","https://github.com/iarna/are-we-there-yet/raw/master/LICENSE","fsevents:watchpack:acap-sdk"
"arr-diff@4.0.0","MIT","https://github.com/jonschlinkert/arr-diff","https://github.com/jonschlinkert/arr-diff/raw/master/LICENSE","acap-sdk"
"arr-flatten@1.1.0","MIT","https://github.com/jonschlinkert/arr-flatten","https://github.com/jonschlinkert/arr-flatten/raw/master/LICENSE","acap-sdk"
"arr-union@3.1.0","MIT","https://github.com/jonschlinkert/arr-union","https://github.com/jonschlinkert/arr-union/raw/master/LICENSE","acap-sdk"
"array-flatten@1.1.1","MIT","https://github.com/blakeembrey/array-flatten","https://github.com/blakeembrey/array-flatten/raw/master/LICENSE","express:acap-sdk"
"array-flatten@2.1.2","MIT","https://github.com/blakeembrey/array-flatten","https://github.com/blakeembrey/array-flatten/raw/master/LICENSE","acap-sdk"
"array-union@1.0.2","MIT","https://github.com/sindresorhus/array-union","https://github.com/sindresorhus/array-union/raw/master/license","acap-sdk"
"array-uniq@1.0.3","MIT","https://github.com/sindresorhus/array-uniq","https://github.com/sindresorhus/array-uniq/raw/master/license","acap-sdk"
"array-unique@0.3.2","MIT","https://github.com/jonschlinkert/array-unique","https://github.com/jonschlinkert/array-unique/raw/master/LICENSE","acap-sdk"
"asn1.js@4.10.1","MIT","https://github.com/indutny/asn1.js","https://github.com/indutny/asn1.js","acap-sdk"
"assert@1.5.0","MIT","https://github.com/browserify/commonjs-assert","https://github.com/browserify/commonjs-assert/raw/master/LICENSE","acap-sdk"
"assign-symbols@1.0.0","MIT","https://github.com/jonschlinkert/assign-symbols","https://github.com/jonschlinkert/assign-symbols/raw/master/LICENSE","acap-sdk"
"ast-types@0.9.6","MIT","https://github.com/benjamn/ast-types","https://github.com/benjamn/ast-types/raw/master/LICENSE","acap-sdk"
"async-each@1.0.3","MIT","https://github.com/paulmillr/async-each","https://github.com/paulmillr/async-each","acap-sdk"
"async-limiter@1.0.1","MIT","https://github.com/strml/async-limiter","https://github.com/strml/async-limiter/raw/master/LICENSE","acap-sdk"
"async@2.6.3","MIT","https://github.com/caolan/async","https://github.com/caolan/async/raw/master/LICENSE","acap-sdk"
"atob@2.1.2","(MIT OR Apache-2.0)","git://git.coolaj86.com/coolaj86/atob.js","https://git.coolaj86.com/coolaj86/atob.js","acap-sdk"
"balanced-match@1.0.0","MIT","https://github.com/juliangruber/balanced-match","https://github.com/juliangruber/balanced-match/raw/master/LICENSE.md","acap-sdk"
"base64-js@1.3.1","MIT","https://github.com/beatgammit/base64-js","https://github.com/beatgammit/base64-js/raw/master/LICENSE","acap-sdk"
"base@0.11.2","MIT","https://github.com/node-base/base","https://github.com/node-base/base/raw/master/LICENSE","acap-sdk"
"batch@0.6.1","MIT","https://github.com/visionmedia/batch","https://github.com/visionmedia/batch/raw/master/LICENSE","acap-sdk"
"big.js@5.2.2","MIT","https://github.com/MikeMcl/big.js","https://github.com/MikeMcl/big.js/raw/master/LICENCE","acap-sdk"
"billboard.js@1.11.1","MIT","https://github.com/naver/billboard.js","https://github.com/naver/billboard.js/raw/master/LICENSE","acap-sdk"
"binary-extensions@1.13.1","MIT","https://github.com/sindresorhus/binary-extensions","https://github.com/sindresorhus/binary-extensions/raw/master/license","watchpack:acap-sdk"
"binary-extensions@2.0.0","MIT","https://github.com/sindresorhus/binary-extensions","https://github.com/sindresorhus/binary-extensions/raw/master/license","acap-sdk"
"bindings@1.5.0","MIT","https://github.com/TooTallNate/node-bindings","https://github.com/TooTallNate/node-bindings/raw/master/LICENSE.md","acap-sdk"
"bluebird@3.7.2","MIT","https://github.com/petkaantonov/bluebird","https://github.com/petkaantonov/bluebird/raw/master/LICENSE","acap-sdk"
"bn.js@4.11.8","MIT","https://github.com/indutny/bn.js","https://github.com/indutny/bn.js","acap-sdk"
"body-parser@1.19.0","MIT","https://github.com/expressjs/body-parser","https://github.com/expressjs/body-parser/raw/master/LICENSE","acap-sdk"
"bonjour@3.5.0","MIT","https://github.com/watson/bonjour","https://github.com/watson/bonjour/raw/master/LICENSE","acap-sdk"
"bootstrap@4.4.1","MIT","https://github.com/twbs/bootstrap","https://github.com/twbs/bootstrap/raw/master/LICENSE","acap-sdk"
"brace-expansion@1.1.11","MIT","https://github.com/juliangruber/brace-expansion","https://github.com/juliangruber/brace-expansion/raw/master/LICENSE","acap-sdk"
"braces@2.3.2","MIT","https://github.com/micromatch/braces","https://github.com/micromatch/braces/raw/master/LICENSE","acap-sdk"
"braces@3.0.2","MIT","https://github.com/micromatch/braces","https://github.com/micromatch/braces/raw/master/LICENSE","chokidar:acap-sdk"
"brorand@1.1.0","MIT","https://github.com/indutny/brorand","https://github.com/indutny/brorand","acap-sdk"
"browserify-aes@1.2.0","MIT","https://github.com/crypto-browserify/browserify-aes","https://github.com/crypto-browserify/browserify-aes/raw/master/LICENSE","acap-sdk"
"browserify-cipher@1.0.1","MIT","https://github.com/crypto-browserify/browserify-cipher","https://github.com/crypto-browserify/browserify-cipher/raw/master/LICENSE","acap-sdk"
"browserify-des@1.0.2","MIT","https://github.com/crypto-browserify/browserify-des","https://github.com/crypto-browserify/browserify-des/raw/master/license","acap-sdk"
"browserify-rsa@4.0.1","MIT","https://github.com/crypto-browserify/browserify-rsa","https://github.com/crypto-browserify/browserify-rsa/raw/master/LICENSE","acap-sdk"
"browserify-sign@4.0.4","ISC","https://github.com/crypto-browserify/browserify-sign","https://github.com/crypto-browserify/browserify-sign/raw/master/LICENSE","acap-sdk"
"browserify-zlib@0.2.0","MIT","https://github.com/devongovett/browserify-zlib","https://github.com/devongovett/browserify-zlib/raw/master/LICENSE","acap-sdk"
"buffer-from@1.1.1","MIT","https://github.com/LinusU/buffer-from","https://github.com/LinusU/buffer-from/raw/master/LICENSE","acap-sdk"
"buffer-indexof@1.1.1","MIT","https://github.com/soldair/node-buffer-indexof","https://github.com/soldair/node-buffer-indexof/raw/master/LICENSE","acap-sdk"
"buffer-xor@1.0.3","MIT","https://github.com/crypto-browserify/buffer-xor","https://github.com/crypto-browserify/buffer-xor/raw/master/LICENSE","acap-sdk"
"buffer@4.9.2","MIT","https://github.com/feross/buffer","https://github.com/feross/buffer/raw/master/LICENSE","acap-sdk"
"builtin-status-codes@3.0.0","MIT","https://github.com/bendrucker/builtin-status-codes","https://github.com/bendrucker/builtin-status-codes/raw/master/license","acap-sdk"
"bytes@3.0.0","MIT","https://github.com/visionmedia/bytes.js","https://github.com/visionmedia/bytes.js/raw/master/LICENSE","acap-sdk"
"bytes@3.1.0","MIT","https://github.com/visionmedia/bytes.js","https://github.com/visionmedia/bytes.js/raw/master/LICENSE","body-parser:acap-sdk"
"cacache@12.0.4","ISC","https://github.com/npm/cacache","https://github.com/npm/cacache/raw/master/LICENSE.md","acap-sdk"
"cache-base@1.0.1","MIT","https://github.com/jonschlinkert/cache-base","https://github.com/jonschlinkert/cache-base/raw/master/LICENSE","acap-sdk"
"camel-case@3.0.0","MIT","https://github.com/blakeembrey/camel-case","https://github.com/blakeembrey/camel-case/raw/master/LICENSE","acap-sdk"
"camelcase@5.3.1","MIT","https://github.com/sindresorhus/camelcase","https://github.com/sindresorhus/camelcase/raw/master/license","acap-sdk"
"chalk@2.4.2","MIT","https://github.com/chalk/chalk","https://github.com/chalk/chalk/raw/master/license","acap-sdk"
"chokidar@2.1.8","MIT","https://github.com/paulmillr/chokidar","https://github.com/paulmillr/chokidar","watchpack:acap-sdk"
"chokidar@3.3.1","MIT","https://github.com/paulmillr/chokidar","https://github.com/paulmillr/chokidar/raw/master/LICENSE","acap-sdk"
"chownr@1.1.4","ISC","https://github.com/isaacs/chownr","https://github.com/isaacs/chownr/raw/master/LICENSE","acap-sdk"
"chrome-trace-event@1.0.2","MIT","github.com:samccone/chrome-trace-event","github.com:samccone/chrome-trace-event/raw/master/LICENSE.txt","acap-sdk"
"cipher-base@1.0.4","MIT","https://github.com/crypto-browserify/cipher-base","https://github.com/crypto-browserify/cipher-base/raw/master/LICENSE","acap-sdk"
"class-utils@0.3.6","MIT","https://github.com/jonschlinkert/class-utils","https://github.com/jonschlinkert/class-utils/raw/master/LICENSE","acap-sdk"
"clean-css@4.2.1","MIT","https://github.com/jakubpawlowicz/clean-css","https://github.com/jakubpawlowicz/clean-css/raw/master/LICENSE","acap-sdk"
"cliui@4.1.0","ISC","https://github.com/yargs/cliui","https://github.com/yargs/cliui/raw/master/LICENSE.txt","webpack-dev-server:acap-sdk"
"cliui@5.0.0","ISC","https://github.com/yargs/cliui","https://github.com/yargs/cliui/raw/master/LICENSE.txt","acap-sdk"
"code-point-at@1.1.0","MIT","https://github.com/sindresorhus/code-point-at","https://github.com/sindresorhus/code-point-at/raw/master/license","acap-sdk"
"collection-visit@1.0.0","MIT","https://github.com/jonschlinkert/collection-visit","https://github.com/jonschlinkert/collection-visit/raw/master/LICENSE","acap-sdk"
"color-convert@1.9.3","MIT","https://github.com/Qix-/color-convert","https://github.com/Qix-/color-convert/raw/master/LICENSE","acap-sdk"
"color-name@1.1.3","MIT","https://github.com/dfcreative/color-name","https://github.com/dfcreative/color-name/raw/master/LICENSE","acap-sdk"
"commander@2.17.1","MIT","https://github.com/tj/commander.js","https://github.com/tj/commander.js/raw/master/LICENSE","html-minifier:acap-sdk"
"commander@2.19.0","MIT","https://github.com/tj/commander.js","https://github.com/tj/commander.js/raw/master/LICENSE","uglify-js:acap-sdk"
"commander@2.20.3","MIT","https://github.com/tj/commander.js","https://github.com/tj/commander.js/raw/master/LICENSE","acap-sdk"
"commondir@1.0.1","MIT","https://github.com/substack/node-commondir","https://github.com/substack/node-commondir/raw/master/LICENSE","acap-sdk"
"component-emitter@1.3.0","MIT","https://github.com/component/emitter","https://github.com/component/emitter/raw/master/LICENSE","acap-sdk"
"compressible@2.0.18","MIT","https://github.com/jshttp/compressible","https://github.com/jshttp/compressible/raw/master/LICENSE","acap-sdk"
"compression@1.7.4","MIT","https://github.com/expressjs/compression","https://github.com/expressjs/compression/raw/master/LICENSE","acap-sdk"
"concat-map@0.0.1","MIT","https://github.com/substack/node-concat-map","https://github.com/substack/node-concat-map/raw/master/LICENSE","acap-sdk"
"concat-stream@1.6.2","MIT","https://github.com/maxogden/concat-stream","https://github.com/maxogden/concat-stream/raw/master/LICENSE","acap-sdk"
"connect-history-api-fallback@1.6.0","MIT","https://github.com/bripkens/connect-history-api-fallback","https://github.com/bripkens/connect-history-api-fallback/raw/master/LICENSE","acap-sdk"
"console-browserify@1.2.0","MIT","https://github.com/browserify/console-browserify","http://github.com/browserify/console-browserify/raw/master/LICENSE","acap-sdk"
"console-control-strings@1.1.0","ISC","https://github.com/iarna/console-control-strings","https://github.com/iarna/console-control-strings/raw/master/LICENSE","fsevents:watchpack:acap-sdk"
"constants-browserify@1.0.0","MIT","https://github.com/juliangruber/constants-browserify","https://github.com/juliangruber/constants-browserify","acap-sdk"
"content-disposition@0.5.3","MIT","https://github.com/jshttp/content-disposition","https://github.com/jshttp/content-disposition/raw/master/LICENSE","acap-sdk"
"content-type@1.0.4","MIT","https://github.com/jshttp/content-type","https://github.com/jshttp/content-type/raw/master/LICENSE","acap-sdk"
"cookie-signature@1.0.6","MIT","https://github.com/visionmedia/node-cookie-signature","https://github.com/visionmedia/node-cookie-signature","acap-sdk"
"cookie@0.4.0","MIT","https://github.com/jshttp/cookie","https://github.com/jshttp/cookie/raw/master/LICENSE","acap-sdk"
"copy-concurrently@1.0.5","ISC","https://github.com/npm/copy-concurrently","https://github.com/npm/copy-concurrently/raw/master/LICENSE","acap-sdk"
"copy-descriptor@0.1.1","MIT","https://github.com/jonschlinkert/copy-descriptor","https://github.com/jonschlinkert/copy-descriptor/raw/master/LICENSE","acap-sdk"
"core-util-is@1.0.2","MIT","https://github.com/isaacs/core-util-is","https://github.com/isaacs/core-util-is/raw/master/LICENSE","acap-sdk"
"create-ecdh@4.0.3","MIT","https://github.com/crypto-browserify/createECDH","https://github.com/crypto-browserify/createECDH/raw/master/LICENSE","acap-sdk"
"create-hash@1.2.0","MIT","https://github.com/crypto-browserify/createHash","https://github.com/crypto-browserify/createHash/raw/master/LICENSE","acap-sdk"
"create-hmac@1.1.7","MIT","https://github.com/crypto-browserify/createHmac","https://github.com/crypto-browserify/createHmac/raw/master/LICENSE","acap-sdk"
"cross-spawn@6.0.5","MIT","https://github.com/moxystudio/node-cross-spawn","https://github.com/moxystudio/node-cross-spawn/raw/master/LICENSE","acap-sdk"
"crypto-browserify@3.12.0","MIT","https://github.com/crypto-browserify/crypto-browserify","https://github.com/crypto-browserify/crypto-browserify/raw/master/LICENSE","acap-sdk"
"css-loader@3.4.2","MIT","https://github.com/webpack-contrib/css-loader","https://github.com/webpack-contrib/css-loader/raw/master/LICENSE","acap-sdk"
"cssesc@3.0.0","MIT","https://github.com/mathiasbynens/cssesc","https://github.com/mathiasbynens/cssesc/raw/master/LICENSE-MIT.txt","acap-sdk"
"cyclist@1.0.1","MIT","https://github.com/mafintosh/cyclist","https://github.com/mafintosh/cyclist/raw/master/LICENSE","acap-sdk"
"d3-array@1.2.4","BSD-3-Clause","https://github.com/d3/d3-array","https://github.com/d3/d3-array/raw/master/LICENSE","d3:acap-sdk"
"d3-array@2.4.0","BSD-3-Clause","https://github.com/d3/d3-array","https://github.com/d3/d3-array/raw/master/LICENSE","acap-sdk"
"d3-axis@1.0.12","BSD-3-Clause","https://github.com/d3/d3-axis","https://github.com/d3/d3-axis/raw/master/LICENSE","acap-sdk"
"d3-brush@1.1.5","BSD-3-Clause","https://github.com/d3/d3-brush","https://github.com/d3/d3-brush/raw/master/LICENSE","acap-sdk"
"d3-chord@1.0.6","BSD-3-Clause","https://github.com/d3/d3-chord","https://github.com/d3/d3-chord/raw/master/LICENSE","acap-sdk"
"d3-collection@1.0.7","BSD-3-Clause","https://github.com/d3/d3-collection","https://github.com/d3/d3-collection/raw/master/LICENSE","acap-sdk"
"d3-color-legend@1.2.4","MIT","https://github.com/vasturiano/d3-color-legend","https://github.com/vasturiano/d3-color-legend/raw/master/LICENSE","acap-sdk"
"d3-color@1.4.0","BSD-3-Clause","https://github.com/d3/d3-color","https://github.com/d3/d3-color/raw/master/LICENSE","acap-sdk"
"d3-contour@1.3.2","BSD-3-Clause","https://github.com/d3/d3-contour","https://github.com/d3/d3-contour/raw/master/LICENSE","acap-sdk"
"d3-dispatch@1.0.6","BSD-3-Clause","https://github.com/d3/d3-dispatch","https://github.com/d3/d3-dispatch/raw/master/LICENSE","acap-sdk"
"d3-drag@1.2.5","BSD-3-Clause","https://github.com/d3/d3-drag","https://github.com/d3/d3-drag/raw/master/LICENSE","acap-sdk"
"d3-dsv@1.2.0","BSD-3-Clause","https://github.com/d3/d3-dsv","https://github.com/d3/d3-dsv/raw/master/LICENSE","acap-sdk"
"d3-ease@1.0.6","BSD-3-Clause","https://github.com/d3/d3-ease","https://github.com/d3/d3-ease/raw/master/LICENSE","acap-sdk"
"d3-fetch@1.1.2","BSD-3-Clause","https://github.com/d3/d3-fetch","https://github.com/d3/d3-fetch/raw/master/LICENSE","acap-sdk"
"d3-force@1.2.1","BSD-3-Clause","https://github.com/d3/d3-force","https://github.com/d3/d3-force/raw/master/LICENSE","acap-sdk"
"d3-format@1.4.3","BSD-3-Clause","https://github.com/d3/d3-format","https://github.com/d3/d3-format/raw/master/LICENSE","acap-sdk"
"d3-geo@1.11.9","BSD-3-Clause","https://github.com/d3/d3-geo","https://github.com/d3/d3-geo/raw/master/LICENSE","acap-sdk"
"d3-hierarchy@1.1.9","BSD-3-Clause","https://github.com/d3/d3-hierarchy","https://github.com/d3/d3-hierarchy/raw/master/LICENSE","acap-sdk"
"d3-interpolate@1.4.0","BSD-3-Clause","https://github.com/d3/d3-interpolate","https://github.com/d3/d3-interpolate/raw/master/LICENSE","acap-sdk"
"d3-path@1.0.9","BSD-3-Clause","https://github.com/d3/d3-path","https://github.com/d3/d3-path/raw/master/LICENSE","acap-sdk"
"d3-polygon@1.0.6","BSD-3-Clause","https://github.com/d3/d3-polygon","https://github.com/d3/d3-polygon/raw/master/LICENSE","acap-sdk"
"d3-quadtree@1.0.7","BSD-3-Clause","https://github.com/d3/d3-quadtree","https://github.com/d3/d3-quadtree/raw/master/LICENSE","acap-sdk"
"d3-random@1.1.2","BSD-3-Clause","https://github.com/d3/d3-random","https://github.com/d3/d3-random/raw/master/LICENSE","acap-sdk"
"d3-sankey@0.12.3","BSD-3-Clause","https://github.com/d3/d3-sankey","https://github.com/d3/d3-sankey/raw/master/LICENSE","acap-sdk"
"d3-scale-chromatic@1.5.0","BSD-3-Clause","https://github.com/d3/d3-scale-chromatic","https://github.com/d3/d3-scale-chromatic/raw/master/LICENSE","acap-sdk"
"d3-scale@1.0.7","BSD-3-Clause","https://github.com/d3/d3-scale","https://github.com/d3/d3-scale/raw/master/LICENSE","svg-utils:acap-sdk"
"d3-scale@2.2.2","BSD-3-Clause","https://github.com/d3/d3-scale","https://github.com/d3/d3-scale/raw/master/LICENSE","d3:acap-sdk"
"d3-scale@3.2.1","BSD-3-Clause","https://github.com/d3/d3-scale","https://github.com/d3/d3-scale/raw/master/LICENSE","acap-sdk"
"d3-selection@1.4.1","BSD-3-Clause","https://github.com/d3/d3-selection","https://github.com/d3/d3-selection/raw/master/LICENSE","acap-sdk"
"d3-shape@1.3.7","BSD-3-Clause","https://github.com/d3/d3-shape","https://github.com/d3/d3-shape/raw/master/LICENSE","acap-sdk"
"d3-time-format@2.2.3","BSD-3-Clause","https://github.com/d3/d3-time-format","https://github.com/d3/d3-time-format/raw/master/LICENSE","acap-sdk"
"d3-time@1.1.0","BSD-3-Clause","https://github.com/d3/d3-time","https://github.com/d3/d3-time/raw/master/LICENSE","acap-sdk"
"d3-timer@1.0.10","BSD-3-Clause","https://github.com/d3/d3-timer","https://github.com/d3/d3-timer/raw/master/LICENSE","acap-sdk"
"d3-tip@0.9.1","MIT","https://github.com/Caged/d3-tip","https://github.com/Caged/d3-tip/raw/master/LICENSE","acap-sdk"
"d3-transition@1.3.2","BSD-3-Clause","https://github.com/d3/d3-transition","https://github.com/d3/d3-transition/raw/master/LICENSE","acap-sdk"
"d3-voronoi@1.1.4","BSD-3-Clause","https://github.com/d3/d3-voronoi","https://github.com/d3/d3-voronoi/raw/master/LICENSE","acap-sdk"
"d3-zoom@1.8.3","BSD-3-Clause","https://github.com/d3/d3-zoom","https://github.com/d3/d3-zoom/raw/master/LICENSE","acap-sdk"
"d3@5.15.0","BSD-3-Clause","https://github.com/d3/d3","https://github.com/d3/d3/raw/master/LICENSE","acap-sdk"
"datatables@1.10.18","MIT","https://github.com/DataTables/DataTables","https://github.com/DataTables/DataTables/raw/master/license.txt","acap-sdk"
"debounce@1.2.0","MIT","https://github.com/component/debounce","https://github.com/component/debounce","acap-sdk"
"debug@2.6.9","MIT","https://github.com/visionmedia/debug","https://github.com/visionmedia/debug/raw/master/LICENSE","acap-sdk"
"debug@3.2.6","MIT","https://github.com/visionmedia/debug","https://github.com/visionmedia/debug/raw/master/LICENSE","follow-redirects:acap-sdk"
"debug@4.1.1","MIT","https://github.com/visionmedia/debug","https://github.com/visionmedia/debug/raw/master/LICENSE","spdy-transport:acap-sdk"
"decamelize@1.2.0","MIT","https://github.com/sindresorhus/decamelize","https://github.com/sindresorhus/decamelize/raw/master/license","acap-sdk"
"decode-uri-component@0.2.0","MIT","https://github.com/SamVerschueren/decode-uri-component","https://github.com/SamVerschueren/decode-uri-component/raw/master/license","acap-sdk"
"deep-equal@1.1.1","MIT","https://github.com/substack/node-deep-equal","https://github.com/substack/node-deep-equal/raw/master/LICENSE","acap-sdk"
"deep-extend@0.6.0","MIT","https://github.com/unclechu/node-deep-extend","https://github.com/unclechu/node-deep-extend/raw/master/LICENSE","fsevents:watchpack:acap-sdk"
"default-gateway@4.2.0","BSD-2-Clause","https://github.com/silverwind/default-gateway","https://github.com/silverwind/default-gateway/raw/master/LICENSE","acap-sdk"
"define-properties@1.1.3","MIT","https://github.com/ljharb/define-properties","https://github.com/ljharb/define-properties/raw/master/LICENSE","acap-sdk"
"define-property@0.2.5","MIT","https://github.com/jonschlinkert/define-property","https://github.com/jonschlinkert/define-property/raw/master/LICENSE","class-utils:acap-sdk"
"define-property@1.0.0","MIT","https://github.com/jonschlinkert/define-property","https://github.com/jonschlinkert/define-property/raw/master/LICENSE","base:acap-sdk"
"define-property@2.0.2","MIT","https://github.com/jonschlinkert/define-property","https://github.com/jonschlinkert/define-property/raw/master/LICENSE","acap-sdk"
"del@4.1.1","MIT","https://github.com/sindresorhus/del","https://github.com/sindresorhus/del/raw/master/license","acap-sdk"
"delegates@1.0.0","MIT","https://github.com/visionmedia/node-delegates","https://github.com/visionmedia/node-delegates/raw/master/License","fsevents:watchpack:acap-sdk"
"depd@1.1.2","MIT","https://github.com/dougwilson/nodejs-depd","https://github.com/dougwilson/nodejs-depd/raw/master/LICENSE","acap-sdk"
"des.js@1.0.1","MIT","https://github.com/indutny/des.js","https://github.com/indutny/des.js","acap-sdk"
"destroy@1.0.4","MIT","https://github.com/stream-utils/destroy","https://github.com/stream-utils/destroy/raw/master/LICENSE","acap-sdk"
"detect-file@1.0.0","MIT","https://github.com/doowb/detect-file","https://github.com/doowb/detect-file/raw/master/LICENSE","acap-sdk"
"detect-libc@1.0.3","Apache-2.0","https://github.com/lovell/detect-libc","https://github.com/lovell/detect-libc/raw/master/LICENSE","fsevents:watchpack:acap-sdk"
"detect-node@2.0.4","ISC","https://github.com/iliakan/detect-node","https://github.com/iliakan/detect-node/raw/master/LICENSE","acap-sdk"
"diffie-hellman@5.0.3","MIT","https://github.com/crypto-browserify/diffie-hellman","https://github.com/crypto-browserify/diffie-hellman/raw/master/LICENSE","acap-sdk"
"dns-equal@1.0.0","MIT","https://github.com/watson/dns-equal","https://github.com/watson/dns-equal/raw/master/LICENSE","acap-sdk"
"dns-packet@1.3.1","MIT","https://github.com/mafintosh/dns-packet","https://github.com/mafintosh/dns-packet/raw/master/LICENSE","acap-sdk"
"dns-txt@2.0.2","MIT","https://github.com/watson/dns-txt","https://github.com/watson/dns-txt/raw/master/LICENSE","acap-sdk"
"domain-browser@1.2.0","MIT","https://github.com/bevry/domain-browser","https://github.com/bevry/domain-browser/raw/master/LICENSE.md","acap-sdk"
"duplexify@3.7.1","MIT","https://github.com/mafintosh/duplexify","https://github.com/mafintosh/duplexify/raw/master/LICENSE","acap-sdk"
"ee-first@1.1.1","MIT","https://github.com/jonathanong/ee-first","https://github.com/jonathanong/ee-first/raw/master/LICENSE","acap-sdk"
"elliptic@6.5.2","MIT","https://github.com/indutny/elliptic","https://github.com/indutny/elliptic","acap-sdk"
"emoji-regex@7.0.3","MIT","https://github.com/mathiasbynens/emoji-regex","https://github.com/mathiasbynens/emoji-regex/raw/master/LICENSE-MIT.txt","acap-sdk"
"emojis-list@2.1.0","MIT","https://github.com/kikobeats/emojis-list","https://github.com/kikobeats/emojis-list/raw/master/LICENSE.md","acap-sdk"
"encodeurl@1.0.2","MIT","https://github.com/pillarjs/encodeurl","https://github.com/pillarjs/encodeurl/raw/master/LICENSE","acap-sdk"
"end-of-stream@1.4.4","MIT","https://github.com/mafintosh/end-of-stream","https://github.com/mafintosh/end-of-stream/raw/master/LICENSE","acap-sdk"
"enhanced-resolve@4.1.0","MIT","https://github.com/webpack/enhanced-resolve","http://www.opensource.org/licenses/mit-license.php","webpack-cli:acap-sdk"
"enhanced-resolve@4.1.1","MIT","https://github.com/webpack/enhanced-resolve","http://www.opensource.org/licenses/mit-license.php","acap-sdk"
"errno@0.1.7","MIT","https://github.com/rvagg/node-errno","https://github.com/rvagg/node-errno","acap-sdk"
"es-abstract@1.17.5","MIT","https://github.com/ljharb/es-abstract","https://github.com/ljharb/es-abstract/raw/master/LICENSE","acap-sdk"
"es-to-primitive@1.2.1","MIT","https://github.com/ljharb/es-to-primitive","https://github.com/ljharb/es-to-primitive/raw/master/LICENSE","acap-sdk"
"es6-templates@0.2.3","Apache 2","https://github.com/esnext/es6-templates","https://github.com/esnext/es6-templates/raw/master/LICENSE","acap-sdk"
"escape-html@1.0.3","MIT","https://github.com/component/escape-html","https://github.com/component/escape-html/raw/master/LICENSE","acap-sdk"
"escape-string-regexp@1.0.5","MIT","https://github.com/sindresorhus/escape-string-regexp","https://github.com/sindresorhus/escape-string-regexp/raw/master/license","acap-sdk"
"eslint-scope@4.0.3","BSD-2-Clause","https://github.com/eslint/eslint-scope","https://github.com/eslint/eslint-scope/raw/master/LICENSE","acap-sdk"
"esprima@3.1.3","BSD-2-Clause","https://github.com/jquery/esprima","https://github.com/jquery/esprima/raw/master/LICENSE.BSD","acap-sdk"
"esrecurse@4.2.1","BSD-2-Clause","https://github.com/estools/esrecurse","https://github.com/estools/esrecurse","acap-sdk"
"estraverse@4.3.0","BSD-2-Clause","https://github.com/estools/estraverse","https://github.com/estools/estraverse/raw/master/LICENSE.BSD","acap-sdk"
"etag@1.8.1","MIT","https://github.com/jshttp/etag","https://github.com/jshttp/etag/raw/master/LICENSE","acap-sdk"
"eventemitter3@4.0.0","MIT","https://github.com/primus/eventemitter3","https://github.com/primus/eventemitter3/raw/master/LICENSE","acap-sdk"
"events@3.1.0","MIT","https://github.com/Gozala/events","https://github.com/Gozala/events/raw/master/LICENSE","acap-sdk"
"eventsource@1.0.7","MIT","https://github.com/EventSource/eventsource","https://github.com/EventSource/eventsource/raw/master/LICENSE","acap-sdk"
"evp_bytestokey@1.0.3","MIT","https://github.com/crypto-browserify/EVP_BytesToKey","https://github.com/crypto-browserify/EVP_BytesToKey/raw/master/LICENSE","acap-sdk"
"execa@1.0.0","MIT","https://github.com/sindresorhus/execa","https://github.com/sindresorhus/execa/raw/master/license","acap-sdk"
"expand-brackets@2.1.4","MIT","https://github.com/jonschlinkert/expand-brackets","https://github.com/jonschlinkert/expand-brackets/raw/master/LICENSE","acap-sdk"
"expand-tilde@2.0.2","MIT","https://github.com/jonschlinkert/expand-tilde","https://github.com/jonschlinkert/expand-tilde/raw/master/LICENSE","acap-sdk"
"express@4.17.1","MIT","https://github.com/expressjs/express","https://github.com/expressjs/express/raw/master/LICENSE","acap-sdk"
"extend-shallow@2.0.1","MIT","https://github.com/jonschlinkert/extend-shallow","https://github.com/jonschlinkert/extend-shallow/raw/master/LICENSE","set-value:acap-sdk"
"extend-shallow@3.0.2","MIT","https://github.com/jonschlinkert/extend-shallow","https://github.com/jonschlinkert/extend-shallow/raw/master/LICENSE","acap-sdk"
"extglob@2.0.4","MIT","https://github.com/micromatch/extglob","https://github.com/micromatch/extglob/raw/master/LICENSE","acap-sdk"
"fast-deep-equal@2.0.1","MIT","https://github.com/epoberezkin/fast-deep-equal","https://github.com/epoberezkin/fast-deep-equal/raw/master/LICENSE","acap-sdk"
"fast-json-stable-stringify@2.1.0","MIT","https://github.com/epoberezkin/fast-json-stable-stringify","https://github.com/epoberezkin/fast-json-stable-stringify/raw/master/LICENSE","acap-sdk"
"fastparse@1.1.2","MIT","https://github.com/webpack/fastparse","https://github.com/webpack/fastparse/raw/master/LICENSE","acap-sdk"
"faye-websocket@0.10.0","MIT","https://github.com/faye/faye-websocket-node","https://github.com/faye/faye-websocket-node","acap-sdk"
"faye-websocket@0.11.3","Apache-2.0","https://github.com/faye/faye-websocket-node","https://github.com/faye/faye-websocket-node/raw/master/LICENSE.md","sockjs-client:acap-sdk"
"figgy-pudding@3.5.2","ISC","https://github.com/npm/figgy-pudding","https://github.com/npm/figgy-pudding/raw/master/LICENSE.md","acap-sdk"
"file-match@1.0.2","ISC","https://github.com/douzi8/file-match","https://github.com/douzi8/file-match","acap-sdk"
"file-system@2.2.2","ISC","https://github.com/douzi8/file-system","https://github.com/douzi8/file-system","acap-sdk"
"file-uri-to-path@1.0.0","MIT","https://github.com/TooTallNate/file-uri-to-path","https://github.com/TooTallNate/file-uri-to-path/raw/master/LICENSE","acap-sdk"
"fill-range@4.0.0","MIT","https://github.com/jonschlinkert/fill-range","https://github.com/jonschlinkert/fill-range/raw/master/LICENSE","acap-sdk"
"fill-range@7.0.1","MIT","https://github.com/jonschlinkert/fill-range","https://github.com/jonschlinkert/fill-range/raw/master/LICENSE","chokidar:acap-sdk"
"finalhandler@1.1.2","MIT","https://github.com/pillarjs/finalhandler","https://github.com/pillarjs/finalhandler/raw/master/LICENSE","acap-sdk"
"find-cache-dir@2.1.0","MIT","https://github.com/avajs/find-cache-dir","https://github.com/avajs/find-cache-dir/raw/master/license","acap-sdk"
"find-up@3.0.0","MIT","https://github.com/sindresorhus/find-up","https://github.com/sindresorhus/find-up/raw/master/license","acap-sdk"
"findup-sync@3.0.0","MIT","https://github.com/gulpjs/findup-sync","https://github.com/gulpjs/findup-sync/raw/master/LICENSE","acap-sdk"
"flush-write-stream@1.1.1","MIT","https://github.com/mafintosh/flush-write-stream","https://github.com/mafintosh/flush-write-stream/raw/master/LICENSE","acap-sdk"
"follow-redirects@1.10.0","MIT","https://github.com/follow-redirects/follow-redirects","https://github.com/follow-redirects/follow-redirects/raw/master/LICENSE","acap-sdk"
"font-awesome@4.7.0","(OFL-1.1 AND MIT)","https://github.com/FortAwesome/Font-Awesome","https://github.com/FortAwesome/Font-Awesome","acap-sdk"
"for-in@1.0.2","MIT","https://github.com/jonschlinkert/for-in","https://github.com/jonschlinkert/for-in/raw/master/LICENSE","acap-sdk"
"forwarded@0.1.2","MIT","https://github.com/jshttp/forwarded","https://github.com/jshttp/forwarded/raw/master/LICENSE","acap-sdk"
"fragment-cache@0.2.1","MIT","https://github.com/jonschlinkert/fragment-cache","https://github.com/jonschlinkert/fragment-cache/raw/master/LICENSE","acap-sdk"
"fresh@0.5.2","MIT","https://github.com/jshttp/fresh","https://github.com/jshttp/fresh/raw/master/LICENSE","acap-sdk"
"from2@2.3.0","MIT","https://github.com/hughsk/from2","https://github.com/hughsk/from2/raw/master/LICENSE.md","acap-sdk"
"fs-minipass@1.2.7","ISC","https://github.com/npm/fs-minipass","https://github.com/npm/fs-minipass/raw/master/LICENSE","fsevents:watchpack:acap-sdk"
"fs-write-stream-atomic@1.0.10","ISC","https://github.com/npm/fs-write-stream-atomic","https://github.com/npm/fs-write-stream-atomic/raw/master/LICENSE","acap-sdk"
"fs.realpath@1.0.0","ISC","https://github.com/isaacs/fs.realpath","https://github.com/isaacs/fs.realpath/raw/master/LICENSE","acap-sdk"
"fsevents@1.2.12","MIT","https://github.com/strongloop/fsevents","https://github.com/strongloop/fsevents/raw/master/LICENSE","watchpack:acap-sdk"
"fsevents@2.1.2","MIT","https://github.com/fsevents/fsevents","https://github.com/fsevents/fsevents/raw/master/LICENSE","acap-sdk"
"function-bind@1.1.1","MIT","https://github.com/Raynos/function-bind","https://github.com/Raynos/function-bind/raw/master/LICENSE","acap-sdk"
"gauge@2.7.4","ISC","https://github.com/iarna/gauge","https://github.com/iarna/gauge/raw/master/LICENSE","fsevents:watchpack:acap-sdk"
"get-caller-file@1.0.3","ISC","https://github.com/stefanpenner/get-caller-file","https://github.com/stefanpenner/get-caller-file/raw/master/LICENSE.md","webpack-dev-server:acap-sdk"
"get-caller-file@2.0.5","ISC","https://github.com/stefanpenner/get-caller-file","https://github.com/stefanpenner/get-caller-file/raw/master/LICENSE.md","acap-sdk"
"get-stream@4.1.0","MIT","https://github.com/sindresorhus/get-stream","https://github.com/sindresorhus/get-stream/raw/master/license","acap-sdk"
"get-value@2.0.6","MIT","https://github.com/jonschlinkert/get-value","https://github.com/jonschlinkert/get-value/raw/master/LICENSE","acap-sdk"
"glob-parent@3.1.0","ISC","https://github.com/es128/glob-parent","https://github.com/es128/glob-parent/raw/master/LICENSE","watchpack:acap-sdk"
"glob-parent@5.1.1","ISC","https://github.com/gulpjs/glob-parent","https://github.com/gulpjs/glob-parent/raw/master/LICENSE","acap-sdk"
"glob@7.1.6","ISC","https://github.com/isaacs/node-glob","https://github.com/isaacs/node-glob/raw/master/LICENSE","acap-sdk"
"global-modules@1.0.0","MIT","https://github.com/jonschlinkert/global-modules","https://github.com/jonschlinkert/global-modules/raw/master/LICENSE","resolve-dir:acap-sdk"
"global-modules@2.0.0","MIT","https://github.com/jonschlinkert/global-modules","https://github.com/jonschlinkert/global-modules/raw/master/LICENSE","acap-sdk"
"global-prefix@1.0.2","MIT","https://github.com/jonschlinkert/global-prefix","https://github.com/jonschlinkert/global-prefix/raw/master/LICENSE","acap-sdk"
"global-prefix@3.0.0","MIT","https://github.com/jonschlinkert/global-prefix","https://github.com/jonschlinkert/global-prefix/raw/master/LICENSE","global-modules:acap-sdk"
"globby@6.1.0","MIT","https://github.com/sindresorhus/globby","https://github.com/sindresorhus/globby/raw/master/license","acap-sdk"
"graceful-fs@4.2.3","ISC","https://github.com/isaacs/node-graceful-fs","https://github.com/isaacs/node-graceful-fs/raw/master/LICENSE","acap-sdk"
"handle-thing@2.0.0","MIT","https://github.com/indutny/handle-thing","https://github.com/indutny/handle-thing","acap-sdk"
"has-flag@3.0.0","MIT","https://github.com/sindresorhus/has-flag","https://github.com/sindresorhus/has-flag/raw/master/license","acap-sdk"
"has-symbols@1.0.1","MIT","https://github.com/ljharb/has-symbols","https://github.com/ljharb/has-symbols/raw/master/LICENSE","acap-sdk"
"has-unicode@2.0.1","ISC","https://github.com/iarna/has-unicode","https://github.com/iarna/has-unicode/raw/master/LICENSE","fsevents:watchpack:acap-sdk"
"has-value@0.3.1","MIT","https://github.com/jonschlinkert/has-value","https://github.com/jonschlinkert/has-value/raw/master/LICENSE","unset-value:acap-sdk"
"has-value@1.0.0","MIT","https://github.com/jonschlinkert/has-value","https://github.com/jonschlinkert/has-value/raw/master/LICENSE","acap-sdk"
"has-values@0.1.4","MIT","https://github.com/jonschlinkert/has-values","https://github.com/jonschlinkert/has-values/raw/master/LICENSE","unset-value:acap-sdk"
"has-values@1.0.0","MIT","https://github.com/jonschlinkert/has-values","https://github.com/jonschlinkert/has-values/raw/master/LICENSE","acap-sdk"
"has@1.0.3","MIT","https://github.com/tarruda/has","https://github.com/tarruda/has/raw/master/LICENSE-MIT","acap-sdk"
"hash-base@3.0.4","MIT","https://github.com/crypto-browserify/hash-base","https://github.com/crypto-browserify/hash-base/raw/master/LICENSE","acap-sdk"
"hash.js@1.1.7","MIT","https://github.com/indutny/hash.js","https://github.com/indutny/hash.js","acap-sdk"
"he@1.2.0","MIT","https://github.com/mathiasbynens/he","https://github.com/mathiasbynens/he/raw/master/LICENSE-MIT.txt","acap-sdk"
"hmac-drbg@1.0.1","MIT","https://github.com/indutny/hmac-drbg","https://github.com/indutny/hmac-drbg","acap-sdk"
"homedir-polyfill@1.0.3","MIT","https://github.com/doowb/homedir-polyfill","https://github.com/doowb/homedir-polyfill/raw/master/LICENSE","acap-sdk"
"hpack.js@2.1.6","MIT","https://github.com/indutny/hpack.js","https://github.com/indutny/hpack.js","acap-sdk"
"html-entities@1.2.1","MIT","https://github.com/mdevils/node-html-entities","https://github.com/mdevils/node-html-entities/raw/master/LICENSE","acap-sdk"
"html-loader@0.5.5","MIT","https://github.com/webpack-contrib/html-loader","https://github.com/webpack-contrib/html-loader/raw/master/LICENSE","acap-sdk"
"html-minifier@3.5.21","MIT","https://github.com/kangax/html-minifier","https://github.com/kangax/html-minifier/raw/master/LICENSE","acap-sdk"
"http-deceiver@1.2.7","MIT","https://github.com/indutny/http-deceiver","https://github.com/indutny/http-deceiver","acap-sdk"
"http-errors@1.6.3","MIT","https://github.com/jshttp/http-errors","https://github.com/jshttp/http-errors/raw/master/LICENSE","serve-index:acap-sdk"
"http-errors@1.7.2","MIT","https://github.com/jshttp/http-errors","https://github.com/jshttp/http-errors/raw/master/LICENSE","acap-sdk"
"http-parser-js@0.4.10","MIT","https://github.com/creationix/http-parser-js","https://github.com/creationix/http-parser-js/raw/master/LICENSE.md","acap-sdk"
"http-proxy-middleware@0.19.1","MIT","https://github.com/chimurai/http-proxy-middleware","https://github.com/chimurai/http-proxy-middleware/raw/master/LICENSE","acap-sdk"
"http-proxy@1.18.0","MIT","https://github.com/http-party/node-http-proxy","https://github.com/http-party/node-http-proxy/raw/master/LICENSE","acap-sdk"
"https-browserify@1.0.0","MIT","https://github.com/substack/https-browserify","https://github.com/substack/https-browserify/raw/master/LICENSE","acap-sdk"
"iconv-lite@0.4.24","MIT","https://github.com/ashtuchkin/iconv-lite","https://github.com/ashtuchkin/iconv-lite/raw/master/LICENSE","acap-sdk"
"icss-utils@4.1.1","ISC","https://github.com/css-modules/icss-utils","https://github.com/css-modules/icss-utils/raw/master/LICENSE.md","acap-sdk"
"ieee754@1.1.13","BSD-3-Clause","https://github.com/feross/ieee754","https://github.com/feross/ieee754/raw/master/LICENSE","acap-sdk"
"iferr@0.1.5","MIT","https://github.com/shesek/iferr","https://github.com/shesek/iferr/raw/master/LICENSE","acap-sdk"
"ignore-walk@3.0.3","ISC","https://github.com/isaacs/ignore-walk","https://github.com/isaacs/ignore-walk/raw/master/LICENSE","fsevents:watchpack:acap-sdk"
"import-local@2.0.0","MIT","https://github.com/sindresorhus/import-local","https://github.com/sindresorhus/import-local/raw/master/license","acap-sdk"
"imports-loader@0.8.0","MIT","https://github.com/webpack-contrib/imports-loader","https://github.com/webpack-contrib/imports-loader/raw/master/LICENSE","acap-sdk"
"imurmurhash@0.1.4","MIT","https://github.com/jensyt/imurmurhash-js","https://github.com/jensyt/imurmurhash-js","acap-sdk"
"indexes-of@1.0.1","MIT","https://github.com/dominictarr/indexes-of","https://github.com/dominictarr/indexes-of/raw/master/LICENSE","acap-sdk"
"infer-owner@1.0.4","ISC","https://github.com/npm/infer-owner","https://github.com/npm/infer-owner/raw/master/LICENSE","acap-sdk"
"inflight@1.0.6","ISC","https://github.com/npm/inflight","https://github.com/npm/inflight/raw/master/LICENSE","acap-sdk"
"inherits@2.0.1","ISC","https://github.com/isaacs/inherits","https://github.com/isaacs/inherits/raw/master/LICENSE","assert:acap-sdk"
"inherits@2.0.3","ISC","https://github.com/isaacs/inherits","https://github.com/isaacs/inherits/raw/master/LICENSE","http-errors:acap-sdk"
"inherits@2.0.4","ISC","https://github.com/isaacs/inherits","https://github.com/isaacs/inherits/raw/master/LICENSE","acap-sdk"
"ini@1.3.5","ISC","https://github.com/isaacs/ini","https://github.com/isaacs/ini/raw/master/LICENSE","acap-sdk"
"internal-ip@4.3.0","MIT","https://github.com/sindresorhus/internal-ip","https://github.com/sindresorhus/internal-ip/raw/master/license","acap-sdk"
"interpret@1.2.0","MIT","https://github.com/gulpjs/interpret","https://github.com/gulpjs/interpret/raw/master/LICENSE","acap-sdk"
"invert-kv@2.0.0","MIT","https://github.com/sindresorhus/invert-kv","https://github.com/sindresorhus/invert-kv/raw/master/license","acap-sdk"
"ip-regex@2.1.0","MIT","https://github.com/sindresorhus/ip-regex","https://github.com/sindresorhus/ip-regex/raw/master/license","acap-sdk"
"ip@1.1.5","MIT","https://github.com/indutny/node-ip","https://github.com/indutny/node-ip","acap-sdk"
"ipaddr.js@1.9.1","MIT","https://github.com/whitequark/ipaddr.js","https://github.com/whitequark/ipaddr.js/raw/master/LICENSE","acap-sdk"
"is-absolute-url@3.0.3","MIT","https://github.com/sindresorhus/is-absolute-url","https://github.com/sindresorhus/is-absolute-url/raw/master/license","acap-sdk"
"is-accessor-descriptor@0.1.6","MIT","https://github.com/jonschlinkert/is-accessor-descriptor","https://github.com/jonschlinkert/is-accessor-descriptor/raw/master/LICENSE","acap-sdk"
"is-accessor-descriptor@1.0.0","MIT","https://github.com/jonschlinkert/is-accessor-descriptor","https://github.com/jonschlinkert/is-accessor-descriptor/raw/master/LICENSE","base:acap-sdk"
"is-arguments@1.0.4","MIT","https://github.com/ljharb/is-arguments","https://github.com/ljharb/is-arguments/raw/master/LICENSE","acap-sdk"
"is-binary-path@1.0.1","MIT","https://github.com/sindresorhus/is-binary-path","https://github.com/sindresorhus/is-binary-path/raw/master/license","watchpack:acap-sdk"
"is-binary-path@2.1.0","MIT","https://github.com/sindresorhus/is-binary-path","https://github.com/sindresorhus/is-binary-path/raw/master/license","acap-sdk"
"is-buffer@1.1.6","MIT","https://github.com/feross/is-buffer","https://github.com/feross/is-buffer/raw/master/LICENSE","acap-sdk"
"is-callable@1.1.5","MIT","https://github.com/ljharb/is-callable","https://github.com/ljharb/is-callable/raw/master/LICENSE","acap-sdk"
"is-data-descriptor@0.1.4","MIT","https://github.com/jonschlinkert/is-data-descriptor","https://github.com/jonschlinkert/is-data-descriptor/raw/master/LICENSE","acap-sdk"
"is-data-descriptor@1.0.0","MIT","https://github.com/jonschlinkert/is-data-descriptor","https://github.com/jonschlinkert/is-data-descriptor/raw/master/LICENSE","base:acap-sdk"
"is-date-object@1.0.2","MIT","https://github.com/ljharb/is-date-object","https://github.com/ljharb/is-date-object/raw/master/LICENSE","acap-sdk"
"is-descriptor@0.1.6","MIT","https://github.com/jonschlinkert/is-descriptor","https://github.com/jonschlinkert/is-descriptor/raw/master/LICENSE","acap-sdk"
"is-descriptor@1.0.2","MIT","https://github.com/jonschlinkert/is-descriptor","https://github.com/jonschlinkert/is-descriptor/raw/master/LICENSE","base:acap-sdk"
"is-extendable@0.1.1","MIT","https://github.com/jonschlinkert/is-extendable","https://github.com/jonschlinkert/is-extendable/raw/master/LICENSE","acap-sdk"
"is-extendable@1.0.1","MIT","https://github.com/jonschlinkert/is-extendable","https://github.com/jonschlinkert/is-extendable/raw/master/LICENSE","extend-shallow:acap-sdk"
"is-extglob@2.1.1","MIT","https://github.com/jonschlinkert/is-extglob","https://github.com/jonschlinkert/is-extglob/raw/master/LICENSE","acap-sdk"
"is-fullwidth-code-point@1.0.0","MIT","https://github.com/sindresorhus/is-fullwidth-code-point","https://github.com/sindresorhus/is-fullwidth-code-point/raw/master/license","fsevents:watchpack:acap-sdk"
"is-fullwidth-code-point@2.0.0","MIT","https://github.com/sindresorhus/is-fullwidth-code-point","https://github.com/sindresorhus/is-fullwidth-code-point/raw/master/license","acap-sdk"
"is-glob@3.1.0","MIT","https://github.com/jonschlinkert/is-glob","https://github.com/jonschlinkert/is-glob/raw/master/LICENSE","glob-parent:watchpack:acap-sdk"
"is-glob@4.0.1","MIT","https://github.com/micromatch/is-glob","https://github.com/micromatch/is-glob/raw/master/LICENSE","acap-sdk"
"is-number@3.0.0","MIT","https://github.com/jonschlinkert/is-number","https://github.com/jonschlinkert/is-number/raw/master/LICENSE","acap-sdk"
"is-number@7.0.0","MIT","https://github.com/jonschlinkert/is-number","https://github.com/jonschlinkert/is-number/raw/master/LICENSE","chokidar:acap-sdk"
"is-path-cwd@2.2.0","MIT","https://github.com/sindresorhus/is-path-cwd","https://github.com/sindresorhus/is-path-cwd/raw/master/license","acap-sdk"
"is-path-in-cwd@2.1.0","MIT","https://github.com/sindresorhus/is-path-in-cwd","https://github.com/sindresorhus/is-path-in-cwd/raw/master/license","acap-sdk"
"is-path-inside@2.1.0","MIT","https://github.com/sindresorhus/is-path-inside","https://github.com/sindresorhus/is-path-inside/raw/master/license","acap-sdk"
"is-plain-object@2.0.4","MIT","https://github.com/jonschlinkert/is-plain-object","https://github.com/jonschlinkert/is-plain-object/raw/master/LICENSE","acap-sdk"
"is-regex@1.0.5","MIT","https://github.com/ljharb/is-regex","https://github.com/ljharb/is-regex/raw/master/LICENSE","acap-sdk"
"is-stream@1.1.0","MIT","https://github.com/sindresorhus/is-stream","https://github.com/sindresorhus/is-stream/raw/master/license","acap-sdk"
"is-symbol@1.0.3","MIT","https://github.com/inspect-js/is-symbol","https://github.com/inspect-js/is-symbol/raw/master/LICENSE","acap-sdk"
"is-windows@1.0.2","MIT","https://github.com/jonschlinkert/is-windows","https://github.com/jonschlinkert/is-windows/raw/master/LICENSE","acap-sdk"
"is-wsl@1.1.0","MIT","https://github.com/sindresorhus/is-wsl","https://github.com/sindresorhus/is-wsl/raw/master/license","acap-sdk"
"isarray@1.0.0","MIT","https://github.com/juliangruber/isarray","https://github.com/juliangruber/isarray","acap-sdk"
"isexe@2.0.0","ISC","https://github.com/isaacs/isexe","https://github.com/isaacs/isexe/raw/master/LICENSE","acap-sdk"
"isobject@2.1.0","MIT","https://github.com/jonschlinkert/isobject","https://github.com/jonschlinkert/isobject/raw/master/LICENSE","has-value:unset-value:acap-sdk"
"isobject@3.0.1","MIT","https://github.com/jonschlinkert/isobject","https://github.com/jonschlinkert/isobject/raw/master/LICENSE","acap-sdk"
"jquery@3.4.1","MIT","https://github.com/jquery/jquery","https://github.com/jquery/jquery/raw/master/LICENSE.txt","acap-sdk"
"json-parse-better-errors@1.0.2","MIT","https://github.com/zkat/json-parse-better-errors","https://github.com/zkat/json-parse-better-errors/raw/master/LICENSE.md","acap-sdk"
"json-schema-traverse@0.4.1","MIT","https://github.com/epoberezkin/json-schema-traverse","https://github.com/epoberezkin/json-schema-traverse/raw/master/LICENSE","acap-sdk"
"json3@3.3.3","MIT","https://github.com/bestiejs/json3","https://github.com/bestiejs/json3/raw/master/LICENSE","acap-sdk"
"json5@1.0.1","MIT","https://github.com/json5/json5","https://github.com/json5/json5/raw/master/LICENSE.md","acap-sdk"
"jsrender@1.0.5","MIT","https://github.com/borismoore/jsrender","https://github.com/borismoore/jsrender/raw/master/MIT-LICENSE.txt","acap-sdk"
"kapsule@1.12.1","MIT","https://github.com/vasturiano/kapsule","https://github.com/vasturiano/kapsule/raw/master/LICENSE","acap-sdk"
"killable@1.0.1","ISC","https://github.com/marten-de-vries/killable","https://github.com/marten-de-vries/killable/raw/master/LICENSE","acap-sdk"
"kind-of@3.2.2","MIT","https://github.com/jonschlinkert/kind-of","https://github.com/jonschlinkert/kind-of/raw/master/LICENSE","is-number:acap-sdk"
"kind-of@4.0.0","MIT","https://github.com/jonschlinkert/kind-of","https://github.com/jonschlinkert/kind-of/raw/master/LICENSE","has-values:acap-sdk"
"kind-of@5.1.0","MIT","https://github.com/jonschlinkert/kind-of","https://github.com/jonschlinkert/kind-of/raw/master/LICENSE","is-descriptor:acap-sdk"
"kind-of@6.0.3","MIT","https://github.com/jonschlinkert/kind-of","https://github.com/jonschlinkert/kind-of/raw/master/LICENSE","acap-sdk"
"lcid@2.0.0","MIT","https://github.com/sindresorhus/lcid","https://github.com/sindresorhus/lcid/raw/master/license","acap-sdk"
"leaflet@1.6.0","BSD-2-Clause","https://github.com/Leaflet/Leaflet","https://github.com/Leaflet/Leaflet/raw/master/LICENSE","acap-sdk"
"loader-runner@2.4.0","MIT","https://github.com/webpack/loader-runner","https://github.com/webpack/loader-runner/raw/master/LICENSE","acap-sdk"
"loader-utils@1.2.3","MIT","https://github.com/webpack/loader-utils","https://github.com/webpack/loader-utils/raw/master/LICENSE","acap-sdk"
"locate-path@3.0.0","MIT","https://github.com/sindresorhus/locate-path","https://github.com/sindresorhus/locate-path/raw/master/license","acap-sdk"
"lodash@4.17.15","MIT","https://github.com/lodash/lodash","https://github.com/lodash/lodash/raw/master/LICENSE","acap-sdk"
"loglevel@1.6.7","MIT","https://github.com/pimterry/loglevel","https://github.com/pimterry/loglevel/raw/master/LICENSE-MIT","acap-sdk"
"lower-case@1.1.4","MIT","https://github.com/blakeembrey/lower-case","https://github.com/blakeembrey/lower-case/raw/master/LICENSE","acap-sdk"
"lru-cache@5.1.1","ISC","https://github.com/isaacs/node-lru-cache","https://github.com/isaacs/node-lru-cache/raw/master/LICENSE","acap-sdk"
"make-dir@2.1.0","MIT","https://github.com/sindresorhus/make-dir","https://github.com/sindresorhus/make-dir/raw/master/license","acap-sdk"
"mamacro@0.0.3","MIT","","","acap-sdk"
"map-age-cleaner@0.1.3","MIT","https://github.com/SamVerschueren/map-age-cleaner","https://github.com/SamVerschueren/map-age-cleaner/raw/master/license","acap-sdk"
"map-cache@0.2.2","MIT","https://github.com/jonschlinkert/map-cache","https://github.com/jonschlinkert/map-cache/raw/master/LICENSE","acap-sdk"
"map-visit@1.0.0","MIT","https://github.com/jonschlinkert/map-visit","https://github.com/jonschlinkert/map-visit/raw/master/LICENSE","acap-sdk"
"md5.js@1.3.5","MIT","https://github.com/crypto-browserify/md5.js","https://github.com/crypto-browserify/md5.js/raw/master/LICENSE","acap-sdk"
"media-typer@0.3.0","MIT","https://github.com/jshttp/media-typer","https://github.com/jshttp/media-typer/raw/master/LICENSE","acap-sdk"
"mem@4.3.0","MIT","https://github.com/sindresorhus/mem","https://github.com/sindresorhus/mem/raw/master/license","acap-sdk"
"memory-fs@0.4.1","MIT","https://github.com/webpack/memory-fs","https://github.com/webpack/memory-fs","acap-sdk"
"memory-fs@0.5.0","MIT","https://github.com/webpack/memory-fs","https://github.com/webpack/memory-fs/raw/master/LICENSE","enhanced-resolve:acap-sdk"
"merge-descriptors@1.0.1","MIT","https://github.com/component/merge-descriptors","https://github.com/component/merge-descriptors/raw/master/LICENSE","acap-sdk"
"methods@1.1.2","MIT","https://github.com/jshttp/methods","https://github.com/jshttp/methods/raw/master/LICENSE","acap-sdk"
"micromatch@3.1.10","MIT","https://github.com/micromatch/micromatch","https://github.com/micromatch/micromatch/raw/master/LICENSE","acap-sdk"
"miller-rabin@4.0.1","MIT","https://github.com/indutny/miller-rabin","https://github.com/indutny/miller-rabin","acap-sdk"
"mime-db@1.43.0","MIT","https://github.com/jshttp/mime-db","https://github.com/jshttp/mime-db/raw/master/LICENSE","acap-sdk"
"mime-types@2.1.26","MIT","https://github.com/jshttp/mime-types","https://github.com/jshttp/mime-types/raw/master/LICENSE","acap-sdk"
"mime@1.6.0","MIT","https://github.com/broofa/node-mime","https://github.com/broofa/node-mime/raw/master/LICENSE","send:acap-sdk"
"mime@2.4.4","MIT","https://github.com/broofa/node-mime","https://github.com/broofa/node-mime/raw/master/LICENSE","acap-sdk"
"mimic-fn@2.1.0","MIT","https://github.com/sindresorhus/mimic-fn","https://github.com/sindresorhus/mimic-fn/raw/master/license","acap-sdk"
"minimalistic-assert@1.0.1","ISC","https://github.com/calvinmetcalf/minimalistic-assert","https://github.com/calvinmetcalf/minimalistic-assert/raw/master/LICENSE","acap-sdk"
"minimalistic-crypto-utils@1.0.1","MIT","https://github.com/indutny/minimalistic-crypto-utils","https://github.com/indutny/minimalistic-crypto-utils","acap-sdk"
"minimatch@3.0.4","ISC","https://github.com/isaacs/minimatch","https://github.com/isaacs/minimatch/raw/master/LICENSE","acap-sdk"
"minimist@1.2.5","MIT","https://github.com/substack/minimist","https://github.com/substack/minimist/raw/master/LICENSE","acap-sdk"
"minipass@2.9.0","ISC","https://github.com/isaacs/minipass","https://github.com/isaacs/minipass/raw/master/LICENSE","fsevents:watchpack:acap-sdk"
"minizlib@1.3.3","MIT","https://github.com/isaacs/minizlib","https://github.com/isaacs/minizlib/raw/master/LICENSE","fsevents:watchpack:acap-sdk"
"mississippi@3.0.0","BSD-2-Clause","https://github.com/maxogden/mississippi","https://github.com/maxogden/mississippi/raw/master/license","acap-sdk"
"mixin-deep@1.3.2","MIT","https://github.com/jonschlinkert/mixin-deep","https://github.com/jonschlinkert/mixin-deep/raw/master/LICENSE","acap-sdk"
"mkdirp@0.5.3","MIT","https://github.com/substack/node-mkdirp","https://github.com/substack/node-mkdirp/raw/master/LICENSE","fsevents:watchpack:acap-sdk"
"mkdirp@0.5.5","MIT","https://github.com/substack/node-mkdirp","https://github.com/substack/node-mkdirp/raw/master/LICENSE","acap-sdk"
"moment@2.24.0","MIT","https://github.com/moment/moment","https://github.com/moment/moment/raw/master/LICENSE","acap-sdk"
"move-concurrently@1.0.1","ISC","https://github.com/npm/move-concurrently","https://github.com/npm/move-concurrently/raw/master/LICENSE","acap-sdk"
"ms@2.0.0","MIT","https://github.com/zeit/ms","https://github.com/zeit/ms/raw/master/license.md","acap-sdk"
"ms@2.1.1","MIT","https://github.com/zeit/ms","https://github.com/zeit/ms/raw/master/license.md","send:acap-sdk"
"ms@2.1.2","MIT","https://github.com/zeit/ms","https://github.com/zeit/ms/raw/master/license.md","follow-redirects:acap-sdk"
"multicast-dns-service-types@1.1.0","MIT","https://github.com/mafintosh/multicast-dns-service-types","https://github.com/mafintosh/multicast-dns-service-types/raw/master/LICENSE","acap-sdk"
"multicast-dns@6.2.3","MIT","https://github.com/mafintosh/multicast-dns","https://github.com/mafintosh/multicast-dns/raw/master/LICENSE","acap-sdk"
"nan@2.14.0","MIT","https://github.com/nodejs/nan","https://github.com/nodejs/nan/raw/master/LICENSE.md","acap-sdk"
"nanomatch@1.2.13","MIT","https://github.com/micromatch/nanomatch","https://github.com/micromatch/nanomatch/raw/master/LICENSE","acap-sdk"
"needle@2.2.1","MIT","https://github.com/tomas/needle","https://github.com/tomas/needle/raw/master/license.txt","acap-sdk"
"needle@2.3.3","MIT","https://github.com/tomas/needle","https://github.com/tomas/needle/raw/master/license.txt","fsevents:watchpack:acap-sdk"
"negotiator@0.6.2","MIT","https://github.com/jshttp/negotiator","https://github.com/jshttp/negotiator/raw/master/LICENSE","acap-sdk"
"neo-async@2.6.1","MIT","https://github.com/suguru03/neo-async","https://github.com/suguru03/neo-async/raw/master/LICENSE","acap-sdk"
"nice-try@1.0.5","MIT","https://github.com/electerious/nice-try","https://github.com/electerious/nice-try/raw/master/LICENSE","acap-sdk"
"no-case@2.3.2","MIT","https://github.com/blakeembrey/no-case","https://github.com/blakeembrey/no-case/raw/master/LICENSE","acap-sdk"
"node-forge@0.9.0","(BSD-3-Clause OR GPL-2.0)","https://github.com/digitalbazaar/forge","https://github.com/digitalbazaar/forge/raw/master/LICENSE","acap-sdk"
"node-libs-browser@2.2.1","MIT","https://github.com/webpack/node-libs-browser","https://github.com/webpack/node-libs-browser/raw/master/LICENSE","acap-sdk"
"node-pre-gyp@0.14.0","BSD-3-Clause","https://github.com/mapbox/node-pre-gyp","https://github.com/mapbox/node-pre-gyp/raw/master/LICENSE","fsevents:watchpack:acap-sdk"
"nopt@4.0.3","ISC","https://github.com/npm/nopt","https://github.com/npm/nopt/raw/master/LICENSE","fsevents:watchpack:acap-sdk"
"normalize-path@2.1.1","MIT","https://github.com/jonschlinkert/normalize-path","https://github.com/jonschlinkert/normalize-path/raw/master/LICENSE","anymatch:watchpack:acap-sdk"
"normalize-path@3.0.0","MIT","https://github.com/jonschlinkert/normalize-path","https://github.com/jonschlinkert/normalize-path/raw/master/LICENSE","acap-sdk"
"npm-bundled@1.1.1","ISC","https://github.com/npm/npm-bundled","https://github.com/npm/npm-bundled/raw/master/LICENSE","fsevents:watchpack:acap-sdk"
"npm-normalize-package-bin@1.0.1","ISC","https://github.com/npm/npm-normalize-package-bin","https://github.com/npm/npm-normalize-package-bin/raw/master/LICENSE","fsevents:watchpack:acap-sdk"
"npm-packlist@1.4.8","ISC","https://github.com/npm/npm-packlist","https://github.com/npm/npm-packlist/raw/master/LICENSE","fsevents:watchpack:acap-sdk"
"npm-run-path@2.0.2","MIT","https://github.com/sindresorhus/npm-run-path","https://github.com/sindresorhus/npm-run-path/raw/master/license","acap-sdk"
"npmlog@4.1.2","ISC","https://github.com/npm/npmlog","https://github.com/npm/npmlog/raw/master/LICENSE","fsevents:watchpack:acap-sdk"
"number-is-nan@1.0.1","MIT","https://github.com/sindresorhus/number-is-nan","https://github.com/sindresorhus/number-is-nan/raw/master/license","acap-sdk"
"object-assign@4.1.1","MIT","https://github.com/sindresorhus/object-assign","https://github.com/sindresorhus/object-assign/raw/master/license","acap-sdk"
"object-copy@0.1.0","MIT","https://github.com/jonschlinkert/object-copy","https://github.com/jonschlinkert/object-copy/raw/master/LICENSE","acap-sdk"
"object-inspect@1.7.0","MIT","https://github.com/substack/object-inspect","https://github.com/substack/object-inspect/raw/master/LICENSE","acap-sdk"
"object-is@1.0.2","MIT","https://github.com/es-shims/object-is","https://github.com/es-shims/object-is/raw/master/LICENSE","acap-sdk"
"object-keys@1.1.1","MIT","https://github.com/ljharb/object-keys","https://github.com/ljharb/object-keys/raw/master/LICENSE","acap-sdk"
"object-visit@1.0.1","MIT","https://github.com/jonschlinkert/object-visit","https://github.com/jonschlinkert/object-visit/raw/master/LICENSE","acap-sdk"
"object.assign@4.1.0","MIT","https://github.com/ljharb/object.assign","https://github.com/ljharb/object.assign/raw/master/LICENSE","acap-sdk"
"object.pick@1.3.0","MIT","https://github.com/jonschlinkert/object.pick","https://github.com/jonschlinkert/object.pick/raw/master/LICENSE","acap-sdk"
"obuf@1.1.2","MIT","https://github.com/indutny/offset-buffer","https://github.com/indutny/offset-buffer/raw/master/LICENSE","acap-sdk"
"on-finished@2.3.0","MIT","https://github.com/jshttp/on-finished","https://github.com/jshttp/on-finished/raw/master/LICENSE","acap-sdk"
"on-headers@1.0.2","MIT","https://github.com/jshttp/on-headers","https://github.com/jshttp/on-headers/raw/master/LICENSE","acap-sdk"
"once@1.4.0","ISC","https://github.com/isaacs/once","https://github.com/isaacs/once/raw/master/LICENSE","acap-sdk"
"opn@5.5.0","MIT","https://github.com/sindresorhus/opn","https://github.com/sindresorhus/opn/raw/master/license","acap-sdk"
"original@1.0.2","MIT","https://github.com/unshiftio/original","https://github.com/unshiftio/original/raw/master/LICENSE","acap-sdk"
"os-browserify@0.3.0","MIT","https://github.com/CoderPuppy/os-browserify","https://github.com/CoderPuppy/os-browserify/raw/master/LICENSE","acap-sdk"
"os-homedir@1.0.2","MIT","https://github.com/sindresorhus/os-homedir","https://github.com/sindresorhus/os-homedir/raw/master/license","fsevents:watchpack:acap-sdk"
"os-locale@3.1.0","MIT","https://github.com/sindresorhus/os-locale","https://github.com/sindresorhus/os-locale/raw/master/license","acap-sdk"
"os-tmpdir@1.0.2","MIT","https://github.com/sindresorhus/os-tmpdir","https://github.com/sindresorhus/os-tmpdir/raw/master/license","fsevents:watchpack:acap-sdk"
"osenv@0.1.5","ISC","https://github.com/npm/osenv","https://github.com/npm/osenv/raw/master/LICENSE","fsevents:watchpack:acap-sdk"
"p-defer@1.0.0","MIT","https://github.com/sindresorhus/p-defer","https://github.com/sindresorhus/p-defer/raw/master/license","acap-sdk"
"p-finally@1.0.0","MIT","https://github.com/sindresorhus/p-finally","https://github.com/sindresorhus/p-finally/raw/master/license","acap-sdk"
"p-is-promise@2.1.0","MIT","https://github.com/sindresorhus/p-is-promise","https://github.com/sindresorhus/p-is-promise/raw/master/license","acap-sdk"
"p-limit@2.2.2","MIT","https://github.com/sindresorhus/p-limit","https://github.com/sindresorhus/p-limit/raw/master/license","acap-sdk"
"p-locate@3.0.0","MIT","https://github.com/sindresorhus/p-locate","https://github.com/sindresorhus/p-locate/raw/master/license","acap-sdk"
"p-map@2.1.0","MIT","https://github.com/sindresorhus/p-map","https://github.com/sindresorhus/p-map/raw/master/license","acap-sdk"
"p-retry@3.0.1","MIT","https://github.com/sindresorhus/p-retry","https://github.com/sindresorhus/p-retry/raw/master/license","acap-sdk"
"p-try@2.2.0","MIT","https://github.com/sindresorhus/p-try","https://github.com/sindresorhus/p-try/raw/master/license","acap-sdk"
"pako@1.0.10","(MIT AND Zlib)","https://github.com/nodeca/pako","https://github.com/nodeca/pako/raw/master/LICENSE","acap-sdk"
"parallel-transform@1.2.0","MIT","https://github.com/mafintosh/parallel-transform","https://github.com/mafintosh/parallel-transform/raw/master/LICENSE","acap-sdk"
"param-case@2.1.1","MIT","https://github.com/blakeembrey/param-case","https://github.com/blakeembrey/param-case/raw/master/LICENSE","acap-sdk"
"parse-asn1@5.1.5","ISC","https://github.com/crypto-browserify/parse-asn1","https://github.com/crypto-browserify/parse-asn1/raw/master/LICENSE","acap-sdk"
"parse-passwd@1.0.0","MIT","https://github.com/doowb/parse-passwd","https://github.com/doowb/parse-passwd/raw/master/LICENSE","acap-sdk"
"parseurl@1.3.3","MIT","https://github.com/pillarjs/parseurl","https://github.com/pillarjs/parseurl/raw/master/LICENSE","acap-sdk"
"pascalcase@0.1.1","MIT","https://github.com/jonschlinkert/pascalcase","https://github.com/jonschlinkert/pascalcase/raw/master/LICENSE","acap-sdk"
"path-browserify@0.0.1","MIT","https://github.com/substack/path-browserify","https://github.com/substack/path-browserify/raw/master/LICENSE","acap-sdk"
"path-dirname@1.0.2","MIT","https://github.com/es128/path-dirname","https://github.com/es128/path-dirname/raw/master/license","acap-sdk"
"path-exists@3.0.0","MIT","https://github.com/sindresorhus/path-exists","https://github.com/sindresorhus/path-exists/raw/master/license","acap-sdk"
"path-is-absolute@1.0.1","MIT","https://github.com/sindresorhus/path-is-absolute","https://github.com/sindresorhus/path-is-absolute/raw/master/license","acap-sdk"
"path-is-inside@1.0.2","(WTFPL OR MIT)","https://github.com/domenic/path-is-inside","https://github.com/domenic/path-is-inside/raw/master/LICENSE.txt","acap-sdk"
"path-key@2.0.1","MIT","https://github.com/sindresorhus/path-key","https://github.com/sindresorhus/path-key/raw/master/license","acap-sdk"
"path-to-regexp@0.1.7","MIT","https://github.com/component/path-to-regexp","https://github.com/component/path-to-regexp/raw/master/LICENSE","acap-sdk"
"pbkdf2@3.0.17","MIT","https://github.com/crypto-browserify/pbkdf2","https://github.com/crypto-browserify/pbkdf2/raw/master/LICENSE","acap-sdk"
"picomatch@2.2.2","MIT","https://github.com/micromatch/picomatch","https://github.com/micromatch/picomatch/raw/master/LICENSE","acap-sdk"
"pify@2.3.0","MIT","https://github.com/sindresorhus/pify","https://github.com/sindresorhus/pify/raw/master/license","globby:acap-sdk"
"pify@4.0.1","MIT","https://github.com/sindresorhus/pify","https://github.com/sindresorhus/pify/raw/master/license","acap-sdk"
"pinkie-promise@2.0.1","MIT","https://github.com/floatdrop/pinkie-promise","https://github.com/floatdrop/pinkie-promise/raw/master/license","acap-sdk"
"pinkie@2.0.4","MIT","https://github.com/floatdrop/pinkie","https://github.com/floatdrop/pinkie/raw/master/license","acap-sdk"
"pkg-dir@3.0.0","MIT","https://github.com/sindresorhus/pkg-dir","https://github.com/sindresorhus/pkg-dir/raw/master/license","acap-sdk"
"popper.js@1.16.1","MIT","https://github.com/FezVrasta/popper.js","https://github.com/FezVrasta/popper.js","acap-sdk"
"portfinder@1.0.25","MIT","https://github.com/indexzero/node-portfinder","https://github.com/indexzero/node-portfinder/raw/master/LICENSE","acap-sdk"
"posix-character-classes@0.1.1","MIT","https://github.com/jonschlinkert/posix-character-classes","https://github.com/jonschlinkert/posix-character-classes/raw/master/LICENSE","acap-sdk"
"postcss-modules-extract-imports@2.0.0","ISC","https://github.com/css-modules/postcss-modules-extract-imports","https://github.com/css-modules/postcss-modules-extract-imports/raw/master/LICENSE","acap-sdk"
"postcss-modules-local-by-default@3.0.2","MIT","https://github.com/css-modules/postcss-modules-local-by-default","https://github.com/css-modules/postcss-modules-local-by-default/raw/master/LICENSE","acap-sdk"
"postcss-modules-scope@2.1.1","ISC","https://github.com/css-modules/postcss-modules-scope","https://github.com/css-modules/postcss-modules-scope/raw/master/LICENSE","acap-sdk"
"postcss-modules-values@3.0.0","ISC","https://github.com/css-modules/postcss-modules-values","https://github.com/css-modules/postcss-modules-values/raw/master/LICENSE","acap-sdk"
"postcss-selector-parser@6.0.2","MIT","https://github.com/postcss/postcss-selector-parser","https://github.com/postcss/postcss-selector-parser/raw/master/LICENSE-MIT","acap-sdk"
"postcss-value-parser@4.0.3","MIT","https://github.com/TrySound/postcss-value-parser","https://github.com/TrySound/postcss-value-parser/raw/master/LICENSE","acap-sdk"
"postcss@7.0.27","MIT","https://github.com/postcss/postcss","https://github.com/postcss/postcss/raw/master/LICENSE","acap-sdk"
"private@0.1.8","MIT","https://github.com/benjamn/private","https://github.com/benjamn/private/raw/master/LICENSE","acap-sdk"
"process-nextick-args@2.0.1","MIT","https://github.com/calvinmetcalf/process-nextick-args","https://github.com/calvinmetcalf/process-nextick-args/raw/master/license.md","acap-sdk"
"process@0.11.10","MIT","https://github.com/shtylman/node-process","https://github.com/shtylman/node-process/raw/master/LICENSE","acap-sdk"
"promise-inflight@1.0.1","ISC","https://github.com/iarna/promise-inflight","https://github.com/iarna/promise-inflight/raw/master/LICENSE","acap-sdk"
"proxy-addr@2.0.6","MIT","https://github.com/jshttp/proxy-addr","https://github.com/jshttp/proxy-addr/raw/master/LICENSE","acap-sdk"
"prr@1.0.1","MIT","https://github.com/rvagg/prr","https://github.com/rvagg/prr/raw/master/LICENSE.md","acap-sdk"
"public-encrypt@4.0.3","MIT","https://github.com/crypto-browserify/publicEncrypt","https://github.com/crypto-browserify/publicEncrypt/raw/master/LICENSE","acap-sdk"
"pump@2.0.1","MIT","https://github.com/mafintosh/pump","https://github.com/mafintosh/pump/raw/master/LICENSE","pumpify:acap-sdk"
"pump@3.0.0","MIT","https://github.com/mafintosh/pump","https://github.com/mafintosh/pump/raw/master/LICENSE","acap-sdk"
"pumpify@1.5.1","MIT","https://github.com/mafintosh/pumpify","https://github.com/mafintosh/pumpify/raw/master/LICENSE","acap-sdk"
"punycode@1.3.2","MIT","https://github.com/bestiejs/punycode.js","https://github.com/bestiejs/punycode.js/raw/master/LICENSE-MIT.txt","url:acap-sdk"
"punycode@1.4.1","MIT","https://github.com/bestiejs/punycode.js","https://github.com/bestiejs/punycode.js/raw/master/LICENSE-MIT.txt","node-libs-browser:acap-sdk"
"punycode@2.1.1","MIT","https://github.com/bestiejs/punycode.js","https://github.com/bestiejs/punycode.js/raw/master/LICENSE-MIT.txt","acap-sdk"
"q@1.5.1","MIT","https://github.com/kriskowal/q","https://github.com/kriskowal/q/raw/master/LICENSE","acap-sdk"
"qs@6.7.0","BSD-3-Clause","https://github.com/ljharb/qs","https://github.com/ljharb/qs/raw/master/LICENSE","acap-sdk"
"querystring-es3@0.2.1","MIT","https://github.com/mike-spainhower/querystring","https://github.com/Gozala/enchain/License.md","acap-sdk"
"querystring@0.2.0","MIT","https://github.com/Gozala/querystring","https://github.com/Gozala/enchain/License.md","acap-sdk"
"querystringify@2.1.1","MIT","https://github.com/unshiftio/querystringify","https://github.com/unshiftio/querystringify/raw/master/LICENSE","acap-sdk"
"randombytes@2.1.0","MIT","https://github.com/crypto-browserify/randombytes","https://github.com/crypto-browserify/randombytes/raw/master/LICENSE","acap-sdk"
"randomfill@1.0.4","MIT","https://github.com/crypto-browserify/randomfill","https://github.com/crypto-browserify/randomfill/raw/master/LICENSE","acap-sdk"
"range-parser@1.2.1","MIT","https://github.com/jshttp/range-parser","https://github.com/jshttp/range-parser/raw/master/LICENSE","acap-sdk"
"raw-body@2.4.0","MIT","https://github.com/stream-utils/raw-body","https://github.com/stream-utils/raw-body/raw/master/LICENSE","acap-sdk"
"rc@1.2.8","(BSD-2-Clause OR MIT OR Apache-2.0)","https://github.com/dominictarr/rc","https://github.com/dominictarr/rc/raw/master/LICENSE.APACHE2","fsevents:watchpack:acap-sdk"
"readable-stream@2.3.7","MIT","https://github.com/nodejs/readable-stream","https://github.com/nodejs/readable-stream/raw/master/LICENSE","acap-sdk"
"readable-stream@3.6.0","MIT","https://github.com/nodejs/readable-stream","https://github.com/nodejs/readable-stream/raw/master/LICENSE","spdy-transport:acap-sdk"
"readdirp@2.2.1","MIT","https://github.com/paulmillr/readdirp","https://github.com/paulmillr/readdirp/raw/master/LICENSE","watchpack:acap-sdk"
"readdirp@3.3.0","MIT","https://github.com/paulmillr/readdirp","https://github.com/paulmillr/readdirp/raw/master/LICENSE","acap-sdk"
"recast@0.11.23","MIT","https://github.com/benjamn/recast","https://github.com/benjamn/recast/raw/master/LICENSE","acap-sdk"
"regex-not@1.0.2","MIT","https://github.com/jonschlinkert/regex-not","https://github.com/jonschlinkert/regex-not/raw/master/LICENSE","acap-sdk"
"regexp.prototype.flags@1.3.0","MIT","https://github.com/es-shims/RegExp.prototype.flags","https://github.com/es-shims/RegExp.prototype.flags/raw/master/LICENSE","acap-sdk"
"relateurl@0.2.7","MIT","https://github.com/stevenvachon/relateurl","https://github.com/stevenvachon/relateurl/raw/master/license","acap-sdk"
"remove-trailing-separator@1.1.0","ISC","https://github.com/darsain/remove-trailing-separator","https://github.com/darsain/remove-trailing-separator/raw/master/license","acap-sdk"
"repeat-element@1.1.3","MIT","https://github.com/jonschlinkert/repeat-element","https://github.com/jonschlinkert/repeat-element/raw/master/LICENSE","acap-sdk"
"repeat-string@1.6.1","MIT","https://github.com/jonschlinkert/repeat-string","https://github.com/jonschlinkert/repeat-string/raw/master/LICENSE","acap-sdk"
"require-directory@2.1.1","MIT","https://github.com/troygoode/node-require-directory","https://github.com/troygoode/node-require-directory/raw/master/LICENSE","acap-sdk"
"require-main-filename@1.0.1","ISC","https://github.com/yargs/require-main-filename","https://github.com/yargs/require-main-filename/raw/master/LICENSE.txt","webpack-dev-server:acap-sdk"
"require-main-filename@2.0.0","ISC","https://github.com/yargs/require-main-filename","https://github.com/yargs/require-main-filename/raw/master/LICENSE.txt","acap-sdk"
"requires-port@1.0.0","MIT","https://github.com/unshiftio/requires-port","https://github.com/unshiftio/requires-port/raw/master/LICENSE","acap-sdk"
"resolve-cwd@2.0.0","MIT","https://github.com/sindresorhus/resolve-cwd","https://github.com/sindresorhus/resolve-cwd/raw/master/license","acap-sdk"
"resolve-dir@1.0.1","MIT","https://github.com/jonschlinkert/resolve-dir","https://github.com/jonschlinkert/resolve-dir/raw/master/LICENSE","acap-sdk"
"resolve-from@3.0.0","MIT","https://github.com/sindresorhus/resolve-from","https://github.com/sindresorhus/resolve-from/raw/master/license","acap-sdk"
"resolve-url@0.2.1","MIT","https://github.com/lydell/resolve-url","https://github.com/lydell/resolve-url/raw/master/LICENSE","acap-sdk"
"ret@0.1.15","MIT","https://github.com/fent/ret.js","https://github.com/fent/ret.js/raw/master/LICENSE","acap-sdk"
"retry@0.12.0","MIT","https://github.com/tim-kos/node-retry","https://github.com/tim-kos/node-retry/raw/master/License","acap-sdk"
"rimraf@2.7.1","ISC","https://github.com/isaacs/rimraf","https://github.com/isaacs/rimraf/raw/master/LICENSE","acap-sdk"
"ripemd160@2.0.2","MIT","https://github.com/crypto-browserify/ripemd160","https://github.com/crypto-browserify/ripemd160/raw/master/LICENSE","acap-sdk"
"run-queue@1.0.3","ISC","https://github.com/iarna/run-queue","https://github.com/iarna/run-queue","acap-sdk"
"rw@1.3.3","BSD-3-Clause","https://github.com/mbostock/rw","https://github.com/mbostock/rw/raw/master/LICENSE","acap-sdk"
"safe-buffer@5.1.2","MIT","https://github.com/feross/safe-buffer","https://github.com/feross/safe-buffer/raw/master/LICENSE","acap-sdk"
"safe-regex@1.1.0","MIT","https://github.com/substack/safe-regex","https://github.com/substack/safe-regex/raw/master/LICENSE","acap-sdk"
"safer-buffer@2.1.2","MIT","https://github.com/ChALkeR/safer-buffer","https://github.com/ChALkeR/safer-buffer/raw/master/LICENSE","acap-sdk"
"sass@1.26.2","MIT","https://github.com/sass/dart-sass","https://github.com/sass/dart-sass/raw/master/LICENSE","acap-sdk"
"sax@1.2.4","ISC","https://github.com/isaacs/sax-js","https://github.com/isaacs/sax-js/raw/master/LICENSE","acap-sdk"
"schema-utils@1.0.0","MIT","https://github.com/webpack-contrib/schema-utils","https://github.com/webpack-contrib/schema-utils/raw/master/LICENSE","acap-sdk"
"schema-utils@2.6.4","MIT","https://github.com/webpack/schema-utils","https://github.com/webpack/schema-utils/raw/master/LICENSE","url-loader:acap-sdk"
"select-hose@2.0.0","MIT","https://github.com/indutny/select-hose","https://github.com/indutny/select-hose","acap-sdk"
"selfsigned@1.10.7","MIT","https://github.com/jfromaniello/selfsigned","https://github.com/jfromaniello/selfsigned/raw/master/LICENSE","acap-sdk"
"semver@5.7.1","ISC","https://github.com/npm/node-semver","https://github.com/npm/node-semver/raw/master/LICENSE","acap-sdk"
"semver@6.3.0","ISC","https://github.com/npm/node-semver","https://github.com/npm/node-semver/raw/master/LICENSE","webpack-dev-server:acap-sdk"
"send@0.17.1","MIT","https://github.com/pillarjs/send","https://github.com/pillarjs/send/raw/master/LICENSE","acap-sdk"
"serialize-javascript@2.1.2","BSD-3-Clause","https://github.com/yahoo/serialize-javascript","https://github.com/yahoo/serialize-javascript/raw/master/LICENSE","acap-sdk"
"serve-index@1.9.1","MIT","https://github.com/expressjs/serve-index","https://github.com/expressjs/serve-index/raw/master/LICENSE","acap-sdk"
"serve-static@1.14.1","MIT","https://github.com/expressjs/serve-static","https://github.com/expressjs/serve-static/raw/master/LICENSE","acap-sdk"
"set-blocking@2.0.0","ISC","https://github.com/yargs/set-blocking","https://github.com/yargs/set-blocking/raw/master/LICENSE.txt","acap-sdk"
"set-value@2.0.1","MIT","https://github.com/jonschlinkert/set-value","https://github.com/jonschlinkert/set-value/raw/master/LICENSE","acap-sdk"
"setimmediate@1.0.5","MIT","https://github.com/YuzuJS/setImmediate","https://github.com/YuzuJS/setImmediate/raw/master/LICENSE.txt","acap-sdk"
"setprototypeof@1.1.0","ISC","https://github.com/wesleytodd/setprototypeof","https://github.com/wesleytodd/setprototypeof/raw/master/LICENSE","serve-index:acap-sdk"
"setprototypeof@1.1.1","ISC","https://github.com/wesleytodd/setprototypeof","https://github.com/wesleytodd/setprototypeof/raw/master/LICENSE","acap-sdk"
"sha.js@2.4.11","(MIT AND BSD-3-Clause)","https://github.com/crypto-browserify/sha.js","https://github.com/crypto-browserify/sha.js/raw/master/LICENSE","acap-sdk"
"shebang-command@1.2.0","MIT","https://github.com/kevva/shebang-command","https://github.com/kevva/shebang-command/raw/master/license","acap-sdk"
"shebang-regex@1.0.0","MIT","https://github.com/sindresorhus/shebang-regex","https://github.com/sindresorhus/shebang-regex/raw/master/license","acap-sdk"
"signal-exit@3.0.2","ISC","https://github.com/tapjs/signal-exit","https://github.com/tapjs/signal-exit/raw/master/LICENSE.txt","acap-sdk"
"snapdragon-node@2.1.1","MIT","https://github.com/jonschlinkert/snapdragon-node","https://github.com/jonschlinkert/snapdragon-node/raw/master/LICENSE","acap-sdk"
"snapdragon-util@3.0.1","MIT","https://github.com/jonschlinkert/snapdragon-util","https://github.com/jonschlinkert/snapdragon-util/raw/master/LICENSE","acap-sdk"
"snapdragon@0.8.2","MIT","https://github.com/jonschlinkert/snapdragon","https://github.com/jonschlinkert/snapdragon/raw/master/LICENSE","acap-sdk"
"sockjs-client@1.4.0","MIT","https://github.com/sockjs/sockjs-client","https://github.com/sockjs/sockjs-client/raw/master/LICENSE","acap-sdk"
"sockjs@0.3.19","MIT","https://github.com/sockjs/sockjs-node","https://github.com/sockjs/sockjs-node/raw/master/COPYING","acap-sdk"
"source-list-map@2.0.1","MIT","https://github.com/webpack/source-list-map","https://github.com/webpack/source-list-map/raw/master/LICENSE","acap-sdk"
"source-map-resolve@0.5.3","MIT","https://github.com/lydell/source-map-resolve","https://github.com/lydell/source-map-resolve/raw/master/LICENSE","acap-sdk"
"source-map-support@0.5.16","MIT","https://github.com/evanw/node-source-map-support","https://github.com/evanw/node-source-map-support/raw/master/LICENSE.md","acap-sdk"
"source-map-url@0.4.0","MIT","https://github.com/lydell/source-map-url","https://github.com/lydell/source-map-url/raw/master/LICENSE","acap-sdk"
"source-map@0.5.7","BSD-3-Clause","https://github.com/mozilla/source-map","https://github.com/mozilla/source-map/raw/master/LICENSE","acap-sdk"
"source-map@0.6.1","BSD-3-Clause","https://github.com/mozilla/source-map","https://github.com/mozilla/source-map/raw/master/LICENSE","postcss:acap-sdk"
"spdy-transport@3.0.0","MIT","https://github.com/spdy-http2/spdy-transport","https://github.com/spdy-http2/spdy-transport","acap-sdk"
"spdy@4.0.1","MIT","https://github.com/indutny/node-spdy","https://github.com/indutny/node-spdy","acap-sdk"
"split-string@3.1.0","MIT","https://github.com/jonschlinkert/split-string","https://github.com/jonschlinkert/split-string/raw/master/LICENSE","acap-sdk"
"ssri@6.0.1","ISC","https://github.com/zkat/ssri","https://github.com/zkat/ssri/raw/master/LICENSE.md","acap-sdk"
"static-extend@0.1.2","MIT","https://github.com/jonschlinkert/static-extend","https://github.com/jonschlinkert/static-extend/raw/master/LICENSE","acap-sdk"
"statuses@1.5.0","MIT","https://github.com/jshttp/statuses","https://github.com/jshttp/statuses/raw/master/LICENSE","acap-sdk"
"stream-browserify@2.0.2","MIT","https://github.com/browserify/stream-browserify","https://github.com/browserify/stream-browserify/raw/master/LICENSE","acap-sdk"
"stream-each@1.2.3","MIT","https://github.com/mafintosh/stream-each","https://github.com/mafintosh/stream-each/raw/master/LICENSE","acap-sdk"
"stream-http@2.8.3","MIT","https://github.com/jhiesey/stream-http","https://github.com/jhiesey/stream-http/raw/master/LICENSE","acap-sdk"
"stream-shift@1.0.1","MIT","https://github.com/mafintosh/stream-shift","https://github.com/mafintosh/stream-shift/raw/master/LICENSE","acap-sdk"
"string-width@1.0.2","MIT","https://github.com/sindresorhus/string-width","https://github.com/sindresorhus/string-width/raw/master/license","fsevents:watchpack:acap-sdk"
"string-width@2.1.1","MIT","https://github.com/sindresorhus/string-width","https://github.com/sindresorhus/string-width/raw/master/license","webpack-dev-server:acap-sdk"
"string-width@3.1.0","MIT","https://github.com/sindresorhus/string-width","https://github.com/sindresorhus/string-width/raw/master/license","acap-sdk"
"string.prototype.trimleft@2.1.1","MIT","https://github.com/es-shims/String.prototype.trimLeft","https://github.com/es-shims/String.prototype.trimLeft/raw/master/LICENSE","acap-sdk"
"string.prototype.trimright@2.1.1","MIT","https://github.com/es-shims/String.prototype.trimRight","https://github.com/es-shims/String.prototype.trimRight/raw/master/LICENSE","acap-sdk"
"string_decoder@1.1.1","MIT","https://github.com/nodejs/string_decoder","https://github.com/nodejs/string_decoder/raw/master/LICENSE","acap-sdk"
"strip-ansi@3.0.1","MIT","https://github.com/chalk/strip-ansi","https://github.com/chalk/strip-ansi/raw/master/license","fsevents:watchpack:acap-sdk"
"strip-ansi@4.0.0","MIT","https://github.com/chalk/strip-ansi","https://github.com/chalk/strip-ansi/raw/master/license","string-width:webpack-dev-server:acap-sdk"
"strip-ansi@5.2.0","MIT","https://github.com/chalk/strip-ansi","https://github.com/chalk/strip-ansi/raw/master/license","acap-sdk"
"strip-eof@1.0.0","MIT","https://github.com/sindresorhus/strip-eof","https://github.com/sindresorhus/strip-eof/raw/master/license","acap-sdk"
"strip-json-comments@2.0.1","MIT","https://github.com/sindresorhus/strip-json-comments","https://github.com/sindresorhus/strip-json-comments/raw/master/license","fsevents:watchpack:acap-sdk"
"style-loader@1.1.3","MIT","https://github.com/webpack-contrib/style-loader","https://github.com/webpack-contrib/style-loader/raw/master/LICENSE","acap-sdk"
"supports-color@5.5.0","MIT","https://github.com/chalk/supports-color","https://github.com/chalk/supports-color/raw/master/license","chalk:acap-sdk"
"supports-color@6.1.0","MIT","https://github.com/chalk/supports-color","https://github.com/chalk/supports-color/raw/master/license","acap-sdk"
"svg-text-fit@1.1.5","MIT","https://github.com/vasturiano/svg-text-fit","https://github.com/vasturiano/svg-text-fit/raw/master/LICENSE","acap-sdk"
"svg-utils@1.2.6","MIT","https://github.com/vasturiano/svg-utils","https://github.com/vasturiano/svg-utils/raw/master/LICENSE","acap-sdk"
"tapable@1.1.3","MIT","https://github.com/webpack/tapable","https://github.com/webpack/tapable/raw/master/LICENSE","acap-sdk"
"tar@4.4.13","ISC","https://github.com/npm/node-tar","https://github.com/npm/node-tar/raw/master/LICENSE","fsevents:watchpack:acap-sdk"
"terser-webpack-plugin@1.4.3","MIT","https://github.com/webpack-contrib/terser-webpack-plugin","https://github.com/webpack-contrib/terser-webpack-plugin/raw/master/LICENSE","acap-sdk"
"terser@4.6.3","BSD-2-Clause","https://github.com/terser/terser","https://github.com/terser/terser/raw/master/LICENSE","acap-sdk"
"through2@2.0.5","MIT","https://github.com/rvagg/through2","https://github.com/rvagg/through2/raw/master/LICENSE.md","acap-sdk"
"through2@3.0.1","MIT","https://github.com/rvagg/through2","https://github.com/rvagg/through2/raw/master/LICENSE.md","jsrender:acap-sdk"
"through@2.3.8","MIT","https://github.com/dominictarr/through","https://github.com/dominictarr/through/raw/master/LICENSE.APACHE2","acap-sdk"
"thunky@1.1.0","MIT","https://github.com/mafintosh/thunky","https://github.com/mafintosh/thunky/raw/master/LICENSE","acap-sdk"
"timelines-chart@2.8.4","MIT","https://github.com/vasturiano/timelines-chart","https://github.com/vasturiano/timelines-chart/raw/master/LICENSE","acap-sdk"
"timers-browserify@2.0.11","MIT","https://github.com/jryans/timers-browserify","https://github.com/jryans/timers-browserify/raw/master/LICENSE.md","acap-sdk"
"tinycolor2@1.4.1","MIT","https://bgrinshub.com/TinyColor","https://bgrinshub.com/TinyColor","acap-sdk"
"to-arraybuffer@1.0.1","MIT","https://github.com/jhiesey/to-arraybuffer","https://github.com/jhiesey/to-arraybuffer/raw/master/LICENSE","acap-sdk"
"to-object-path@0.3.0","MIT","https://github.com/jonschlinkert/to-object-path","https://github.com/jonschlinkert/to-object-path/raw/master/LICENSE","acap-sdk"
"to-regex-range@2.1.1","MIT","https://github.com/micromatch/to-regex-range","https://github.com/micromatch/to-regex-range/raw/master/LICENSE","acap-sdk"
"to-regex-range@5.0.1","MIT","https://github.com/micromatch/to-regex-range","https://github.com/micromatch/to-regex-range/raw/master/LICENSE","chokidar:acap-sdk"
"to-regex@3.0.2","MIT","https://github.com/jonschlinkert/to-regex","https://github.com/jonschlinkert/to-regex/raw/master/LICENSE","acap-sdk"
"toidentifier@1.0.0","MIT","https://github.com/component/toidentifier","https://github.com/component/toidentifier/raw/master/LICENSE","acap-sdk"
"tslib@1.10.0","Apache-2.0","https://github.com/Microsoft/tslib","https://github.com/Microsoft/tslib/raw/master/LICENSE.txt","acap-sdk"
"tty-browserify@0.0.0","MIT","https://github.com/substack/tty-browserify","https://github.com/substack/tty-browserify/raw/master/LICENSE","acap-sdk"
"type-is@1.6.18","MIT","https://github.com/jshttp/type-is","https://github.com/jshttp/type-is/raw/master/LICENSE","acap-sdk"
"typedarray@0.0.6","MIT","https://github.com/substack/typedarray","https://github.com/substack/typedarray/raw/master/LICENSE","acap-sdk"
"uglify-js@3.4.10","BSD-2-Clause","https://github.com/mishoo/UglifyJS2","https://github.com/mishoo/UglifyJS2/raw/master/LICENSE","acap-sdk"
"union-value@1.0.1","MIT","https://github.com/jonschlinkert/union-value","https://github.com/jonschlinkert/union-value/raw/master/LICENSE","acap-sdk"
"uniq@1.0.1","MIT","https://github.com/mikolalysenko/uniq","https://github.com/mikolalysenko/uniq/raw/master/LICENSE","acap-sdk"
"unique-filename@1.1.1","ISC","https://github.com/iarna/unique-filename","https://github.com/iarna/unique-filename/raw/master/LICENSE","acap-sdk"
"unique-slug@2.0.2","ISC","https://github.com/iarna/unique-slug","https://github.com/iarna/unique-slug/raw/master/LICENSE","acap-sdk"
"unpipe@1.0.0","MIT","https://github.com/stream-utils/unpipe","https://github.com/stream-utils/unpipe/raw/master/LICENSE","acap-sdk"
"unset-value@1.0.0","MIT","https://github.com/jonschlinkert/unset-value","https://github.com/jonschlinkert/unset-value/raw/master/LICENSE","acap-sdk"
"upath@1.2.0","MIT","https://github.com/anodynos/upath","https://github.com/anodynos/upath/raw/master/LICENSE","acap-sdk"
"upper-case@1.1.3","MIT","https://github.com/blakeembrey/upper-case","https://github.com/blakeembrey/upper-case/raw/master/LICENSE","acap-sdk"
"uri-js@4.2.2","BSD-2-Clause","https://github.com/garycourt/uri-js","https://github.com/garycourt/uri-js","acap-sdk"
"urix@0.1.0","MIT","https://github.com/lydell/urix","https://github.com/lydell/urix/raw/master/LICENSE","acap-sdk"
"url-loader@3.0.0","MIT","https://github.com/webpack-contrib/url-loader","https://github.com/webpack-contrib/url-loader/raw/master/LICENSE","acap-sdk"
"url-parse@1.4.7","MIT","https://github.com/unshiftio/url-parse","https://github.com/unshiftio/url-parse/raw/master/LICENSE","acap-sdk"
"url@0.11.0","MIT","https://github.com/defunctzombie/node-url","https://github.com/defunctzombie/node-url/raw/master/LICENSE","acap-sdk"
"use@3.1.1","MIT","https://github.com/jonschlinkert/use","https://github.com/jonschlinkert/use/raw/master/LICENSE","acap-sdk"
"util-deprecate@1.0.2","MIT","https://github.com/TooTallNate/util-deprecate","https://github.com/TooTallNate/util-deprecate/raw/master/LICENSE","acap-sdk"
"util@0.10.3","MIT","https://github.com/defunctzombie/node-util","https://github.com/defunctzombie/node-util/raw/master/LICENSE","assert:acap-sdk"
"util@0.11.1","MIT","https://github.com/defunctzombie/node-util","https://github.com/defunctzombie/node-util/raw/master/LICENSE","acap-sdk"
"utils-extend@1.0.8","ISC","https://github.com/douzi8/utils-extend","https://github.com/douzi8/utils-extend","acap-sdk"
"utils-merge@1.0.1","MIT","https://github.com/jaredhanson/utils-merge","https://github.com/jaredhanson/utils-merge/raw/master/LICENSE","acap-sdk"
"uuid@3.4.0","MIT","https://github.com/uuidjs/uuid","https://github.com/uuidjs/uuid/raw/master/LICENSE.md","acap-sdk"
"v8-compile-cache@2.0.3","MIT","https://github.com/zertosh/v8-compile-cache","https://github.com/zertosh/v8-compile-cache/raw/master/LICENSE","acap-sdk"
"vary@1.1.2","MIT","https://github.com/jshttp/vary","https://github.com/jshttp/vary/raw/master/LICENSE","acap-sdk"
"vm-browserify@1.1.2","MIT","https://github.com/substack/vm-browserify","https://github.com/substack/vm-browserify/raw/master/LICENSE","acap-sdk"
"watchpack@1.6.0","MIT","https://github.com/webpack/watchpack","https://github.com/webpack/watchpack/raw/master/LICENSE","acap-sdk"
"wbuf@1.7.3","MIT","https://github.com/indutny/wbuf","https://github.com/indutny/wbuf","acap-sdk"
"webpack-cli@3.3.10","MIT","https://github.com/webpack/webpack-cli","https://github.com/webpack/webpack-cli/raw/master/LICENSE","acap-sdk"
"webpack-dev-middleware@3.7.2","MIT","https://github.com/webpack/webpack-dev-middleware","https://github.com/webpack/webpack-dev-middleware/raw/master/LICENSE","acap-sdk"
"webpack-dev-server@3.10.3","MIT","https://github.com/webpack/webpack-dev-server","https://github.com/webpack/webpack-dev-server/raw/master/LICENSE","acap-sdk"
"webpack-log@2.0.0","MIT","https://github.com/webpack-contrib/webpack-log","https://github.com/webpack-contrib/webpack-log/raw/master/LICENSE","acap-sdk"
"webpack-sources@1.4.3","MIT","https://github.com/webpack/webpack-sources","https://github.com/webpack/webpack-sources/raw/master/LICENSE","acap-sdk"
"webpack@4.41.5","MIT","https://github.com/webpack/webpack","https://github.com/webpack/webpack/raw/master/LICENSE","acap-sdk"
"websocket-driver@0.7.3","Apache-2.0","https://github.com/faye/websocket-driver-node","https://github.com/faye/websocket-driver-node/raw/master/LICENSE.md","acap-sdk"
"websocket-extensions@0.1.3","MIT","https://github.com/faye/websocket-extensions-node","https://github.com/faye/websocket-extensions-node/raw/master/LICENSE.md","acap-sdk"
"which-module@2.0.0","ISC","https://github.com/nexdrew/which-module","https://github.com/nexdrew/which-module/raw/master/LICENSE","acap-sdk"
"which@1.3.1","ISC","https://github.com/isaacs/node-which","https://github.com/isaacs/node-which/raw/master/LICENSE","acap-sdk"
"wide-align@1.1.3","ISC","https://github.com/iarna/wide-align","https://github.com/iarna/wide-align/raw/master/LICENSE","fsevents:watchpack:acap-sdk"
"worker-farm@1.7.0","MIT","https://github.com/rvagg/node-worker-farm","https://github.com/rvagg/node-worker-farm/raw/master/LICENSE.md","acap-sdk"
"wrap-ansi@2.1.0","MIT","https://github.com/chalk/wrap-ansi","https://github.com/chalk/wrap-ansi/raw/master/license","webpack-dev-server:acap-sdk"
"wrap-ansi@5.1.0","MIT","https://github.com/chalk/wrap-ansi","https://github.com/chalk/wrap-ansi/raw/master/license","acap-sdk"
"wrappy@1.0.2","ISC","https://github.com/npm/wrappy","https://github.com/npm/wrappy/raw/master/LICENSE","acap-sdk"
"ws@6.2.1","MIT","https://github.com/websockets/ws","https://github.com/websockets/ws/raw/master/LICENSE","acap-sdk"
"xtend@4.0.2","MIT","https://github.com/Raynos/xtend","https://github.com/Raynos/xtend/raw/master/LICENSE","acap-sdk"
"y18n@4.0.0","ISC","https://github.com/yargs/y18n","https://github.com/yargs/y18n/raw/master/LICENSE","acap-sdk"
"yallist@3.1.1","ISC","https://github.com/isaacs/yallist","https://github.com/isaacs/yallist/raw/master/LICENSE","acap-sdk"
"yargs-parser@11.1.1","ISC","https://github.com/yargs/yargs-parser","https://github.com/yargs/yargs-parser/raw/master/LICENSE.txt","webpack-dev-server:acap-sdk"
"yargs-parser@13.1.1","ISC","https://github.com/yargs/yargs-parser","https://github.com/yargs/yargs-parser/raw/master/LICENSE.txt","acap-sdk"
"yargs@12.0.5","MIT","https://github.com/yargs/yargs","https://github.com/yargs/yargs/raw/master/LICENSE","webpack-dev-server:acap-sdk"
"yargs@13.2.4","MIT","https://github.com/yargs/yargs","https://github.com/yargs/yargs/raw/master/LICENSE","acap-sdk"